calle,comuna,numero_region
Río Maipo 134,Talcahuano,8.0
Silesia 1924,,
Manuel Rodriguez 475,,
San Carlos 390 Lt A2 Santa Leonor,,
Concepción,Concepción,8.0
Yungay,,
La palmera,,
Francisco Bilbao 6,,
pasaje estero quilaco 1473 villa brisa mar N4,,
CAM NUEVA ALDEA LT 1 S/N,,
Neptuno,,
El Huemul 6330,San Pedro de la Paz,8.0
Jjperez 4505,,
Gral. Baquedano,,
Av Las Camelias 1970 Villa Los Copihues,,
Camino a las termas km 37 s/n,,13.0
Tucapel 564 Oficina 31,,
Huérfanos 1117,Concepción,8.0
Michimalongo,,
Gómez Carreño 3843,Talcahuano,8.0
Ángeles 214,,
Errazuriz 3115,,
3XR7+4F,,
2W76+M5,,
Rodrigo De Araya 1263,,
Riquelme 627,,
Las Canoas 712,,
Camino Concepcion a Coronel K 15 5 Parc 11 A Lote C,Coronel,
Ohiggins 175 Poblacion Santa Leonor,,6.0
Malaquias Concha 747 San Vicente,,
3800584 Chillán,,
Av. Las Rosas 498,,
Diego de Oro 153,Concepción,8.0
fundo las coles parcela 10,,
Eleuterio Ramírez 142,Talcahuano,8.0
Los Guindos Lote C SN Camino A Las Mariposas,,
Curacaví,,
Gongora y Marmolejo 1535,,13.0
Av. Alemania,,
Pasaje 5 Casa 186 Poblacion Partal,,
Joaquín Prieto 289,Concepción,8.0
4790712 Temuco,,9.0
Ignacio Carrera Pinto 265,,
Moya,,
Colton quillay parcela 12,,
Sta. Clara,Hualpén,8.0
general velasquez 1058,,
Las Achiras 17,,
Las Delicias 678 Los Boldos Chiguayante,Chiguayante,
Huape 9169 Parque Residencial Hualpen,,
Avda Argentina 250,,
El Carmen 151 Santa Leonor,,13.0
GRANJA LOS NIRRES SN,,
Maiten 130 Higueras,,
C. A 1219,Concepción,8.0
Arturo Prat 588,Concepción,8.0
Sargento Aldea 1040,,
El Pellin,Tomé,8.0
Km 426 Panamericana Sur Bulnes,,
Fray Bartolome del pozo block 372 depto 21,,
Cato,Hualpén,8.0
El Carmen 2353 Barrio Norte,,13.0
Thompson 652 Sector Arenal,,
Dadinco,,
Parlamento de Negrete 47 Villa San pedro,,
Francia 158,,
Av. Manuel Rodríguez 2881,Chiguayante,8.0
Volcan Quizapu 1508,,
Julio Alcaíno 020,,6.0
Ruta los Conquistadores,,
Camino a portezuelo km 2 chinquimavida lt2,,
España 399,Talcahuano,8.0
3793114 Chillan,,
Av. Vial 698,,
Parcela 3 Carriel Norte,,
Pilpilco,Hualpén,8.0
Rinco 2 Parcela 7 Camino a Rafael,,
San Martín 312,Talcahuano,8.0
Cam. Einstein,Concepción,8.0
Avenida Latorre 953 San Vicente,,
Tomé 30-68,Tomé,
Arturo Prat 156,,
San Ignacio de Loyola 1915,Santiago,13.0
Arturo Prat 1201,,
Andes 37,,
Barrio Universitario,Concepción,8.0
Chillán,,
Av. Pdte. Jorge Alessandri Rodriguez 3177,,
Av. O'Higgins 48,,6.0
Luis Araneda S/N Chillan Viejo,,
General Baquedano SN,,
Avenida Ramon Carrasco 231 100 Lomas Antilhue,,
Carriel Norte Lote 9 A 1 SN,,
Av. Manuel Rodríguez 1267,Concepción,8.0
Rancagua 65 Interior Pedro de Valdivia Bajo,,
Calle esmalia 76 las violetas,,
Itata,,
Avda Latorre 1209 San Vicente,,
Pasaje Reina Victoria 6583,,
La Vega 520 Santa Leonor,,
Gobernador Juan Enriquez 1020,,
Camino A Coronel 3739 Pablo Agren,Coronel,
Camino Sector Calle Alegre,,
Laminadores 36 Higueras,,
Augusto Dhalmar 8734 Villa Acero,,
Gran Bretana 4479 Of 3 parque empresarial Bio Bio,,8.0
Chirrillo sin número (1km norte de la iansa ),,
O'Higgins 380,,6.0
Caleta Chome 1326 Nueva Los Lobos,,
Compañia de Maria 571 galilea,,
Brasil 420,,
Talcahuano,Talcahuano,8.0
Ohigggins 728,,
Alonso de ercilla 994 villa san vicente,,
Las Hortensias 501,,
Monte Blanco,,
Italia 746,,
Villa dona rosa calle rio cato 799,,
Sicilia 8032,,
Local 145,San Pedro de la Paz,8.0
panam norte 0615,,
La Maestranza Sitio 16 14 Pqe Ind Lota Alto,Lota,
Brasil 117 San Vicente,,
4180324 Hualqui,,8.0
ohiggins 1544,,6.0
Ejército,,
Anibal Pinto 509 702,,
Colón 3880,Talcahuano,8.0
Simpson 110 Gaete,,
Calle 2 Casa 37 Santo Domingo,,
Jose Cardenio Avello 442,,
Av. Laguna Grande 630,San Pedro de la Paz,8.0
Estero Lluanco,,
Caldera 7204,Talcahuano,8.0
C. Pioneros 554,,5.0
Argomedo 37,Concepción,8.0
Los Tilos,,
Maipu 1368 Interior,,
Las canoas 712 chillan viejo,,
Av. Los Claveles 170,San Pedro de la Paz,8.0
Monsalve 146,,8.0
Los Mañíos 254,Concepción,8.0
Callejon Bodeega Bca N° 2 Copiapo,,
Jose Miguel Garcia 298,,
Av ohigggins 798 a,,
ARTURO PRAT 480,,
Los Carrera 511,,
Francia 146,,
fundo las cabras km 14 cam a cohigueco,,
Carrizal,,8.0
Ruiz de gamboa 223,,
Lastarria 1199,Concepción,8.0
Felix Eicher 262,,
Ruta 5 Sur Km122 SN,,
El quilquil 4338 Huachicoop,,
Santiago Watt 4480,Santiago,13.0
lote 13 predio los placer s/n yungay,,
Los volcanes 5 Pasaje irruputuncu 836,,
Pje. Uno 720-776,Concepción,8.0
patricio linch 531,,
Gabriel Toro 178,,
Av. Los Presidentes 1446,Concepción,8.0
Michimalongo 3945,Talcahuano,8.0
Sitio 6 los Montes chillan,,
Km 11 Camino a San Javier,,
V Letelier 1373 D 809,,
Heras 935,,
Catalina de Siena 185 Torre Depto 62 Lomas de San Sebastian,,
Barranquilla 518 San Vicente,,
Trehuaco 620,Hualpén,8.0
Camino a coronel km 10 san pedro,Coronel,
Carmen Mena 887,,13.0
Zaragoza 3345 Espana,,
Pasaje Ramon Gallegos 770,,
La Vega 241 Sta Leonor,,
Caupolican 567 706,,
Jaime Repullo 1574,,
1 Nte. 461,,5.0
Leonardo bustamante 2313,,
René Schneider 543,,
Almte. Latorre 783,Talcahuano,8.0
John kennedy 12311,,
Isla Sta. María 380,,
Rosauro Acuña 1,,
Huertfanos 1055 503,,
O'Higgins 3038,Hualpén,8.0
Rio Viejo 861,,
Chillan,,
Avda Las Trancas 1793,,
Diego de Oro 382 Chillancito,,
Diego Portales 178,Concepción,8.0
kilómetro 7.5 Rinco 2 Tomé Tomé,Tomé,
Lote 13 - A sn el colmenar Null Valdivia,,
El Arenal - Hijuela 54,,
Colon 24,,
150 pasaje dos casa 7  Punta de Parra,,
Los maquis 617,Talcahuano,8.0
Teniente Merino 257,,
Gómez Carreño 5435,Talcahuano,8.0
Floresta 3,Hualpén,8.0
Calama 522,,
Sady Zanartu 7941,,
Calle A - Manzana C - Lote 18 Km 20,,
Kilometro 1 Camino a Coelemu,,
Monsenor Alarcon 444 Huertos Familiares,,
Paicavi 1879,,
Calle Argentina 1,,
Lautaro 2102-E,,
Chorrillos 1153 Barrio Universitario,,
Las Golondrinas 452,,
Arturo Prat 199,Concepción,8.0
Avda los Carrera 182,,
Jaime Repullo 1794,,
Puren 318,,
Baquedano 386,,
Manuel Montt 410,Talcahuano,8.0
Isla Rocuant S/N,,
Río Loa 1397,Concepción,8.0
Miguel Cervantes 267 San Vicente,,
Ainavillo 1026,,
6 Sur 2145,,
Nebuco,,
Manuel Zañartu 480,,
Wenmapu,Coronel,8.0
Gral. Velásquez 1058,,
Cruz 720,,
Río Viejo 367,,
Juan Guillermo Sosa 1025,Talcahuano,13.0
Enrique Soro 1520,San Pedro de la Paz,8.0
3810332 Chillán,,
Libertador Gral. Bernardo O'Higgins 1515,Concepción,8.0
Pto Varas 386,Concepción,8.0
Parque Nacional Vicente PE 681 Bosques San Pedro,,
Av. Estero la Posada,,
Colo Colo 933 Dp 708,,
Avda Colon 3081 Las Salinas,,
Lote 1 San Jorge Var Cato SN,,
Caleuche 243,Concepción,8.0
Salas 480 8 301,,
Los Industriales 972,,
Av. Portal del Libertador 357,,
Arauco 340,,
Cerro Termas de Chillán 586,,13.0
Los Acacios 56 San Pedro de La paz,San Pedro de la Paz,
53FC+M8,Concepción,8.0
Lago Caburga 5573,Talcahuano,8.0
Pasaje 4 N 492 Mirador del Rio Chiguayante,Chiguayante,
Pje. 1,,
Brasil 9,Talcahuano,8.0
Jaime Repullo 1976,,
Exequiel Fernández 158,,13.0
Mackay 549,,
Gran Bretaña,Hualpén,8.0
Lautaro 181,Talcahuano,8.0
David Gazmuri,,
Las Heras 1725,Concepción,8.0
Autopista,,
Nonguén 1017,Concepción,8.0
Colo Colo 750,Concepción,8.0
Jaime Repullo 2850,,
Diego Portales 280,,
Fresia 7,Talcahuano,8.0
Sanders 200,Concepción,8.0
Radal 587 Higueras,,
Calle cordero 997 barrio el rodeo,,
Pangalillo Kil 4 Lote 8 y 9,,
Serrano 151,,
Los Naranjos 24,Concepción,8.0
18 de Septiembre 1286,,
Juan De Dios Rivera 590 Lote E,,
Quillay 397,,
Cam. San Luis,,
Cornelia Olivares 626,,
Los Carrera 301,Talcahuano,8.0
Km9 camino a huape (paradero las rosas ),,
Salas 1371,,
Av. Golfo De Arauco 3649,Concepción,8.0
Javier Jarpa Sotomayor s/n,,
Av. Pedro de Valdivia 45,Concepción,8.0
Pasaje 26 4271,Talcahuano,8.0
Avda Argentina 1115,,
Calle 4 Prolongacion Quirihue 1226 101 Costanera Rucalhue,,
El Conquistador del monte 4732,,
Avda Federico Schwager 1005 parque industrial,,
Avda Vicente Mendez 75,,
Los cormonales 233,Talcahuano,13.0
Unnamed Road,,
Rúa do Progreso,,
Ruta 156 km 21,Coronel,8.0
Castellón 1129,Concepción,8.0
Rodolfo Briceño 2718,Concepción,8.0
Gral. Cruz 257,Talcahuano,8.0
Av Javier jarpa Soto mayor resintió sin número (pinto),,
Santa Helena 1533 Alto del Laja,,
pasaje 1 lote 43 granja eliana,,
Bélgica 1673,Hualpén,8.0
Jaime Repullo 2295 Bock J,,
Av. Brasil 855,,
La Vega 801,Talcahuano,8.0
Carriel Norte Sitio 7,,
Cochrane 284,Concepción,8.0
Quinta Nancahua lote 5 sector Duqueco,,
PASAJE VISTA BELLA 3357 DONA JOSEFINA,,
Thompson 147,,
Av. 80,,
Calle huemules 1081 parque ñuble,,
Cocharcas 345,,
Granja Santa Marta km 1 avda Octavio Jara Wolf,,
Andrés Bello 877,,
Portezuelo,,
Av. San Sebastián,Concepción,8.0
Jaime Repullo 755,Talcahuano,8.0
Pje. Catorce,,
Tarapaca 941 Diego Portales,,
La Cantata 7534,,
Chillán Viejo,,
C. Tres Nte. 950,San Pedro de la Paz,8.0
Juan de La Cruz Tapia 145,Talcahuano,8.0
CLAUDIO ARRAU 1040,,
Freire 549,Concepción,8.0
Ejercito 650,,
Bello Horizonte,,
Ruta 160 138,,
KM 6 5 Camino a San Javier SN,,
Malaquias Concha 819,,
Jotabeche 2985 Santa Clara,,
Manuel Bulnes 826,,
Valle Hermoso,,13.0
Canapus 199,Penco,8.0
El Conquistador K 1,,
PANAMERICANA NORTE 582,,
Barros Arana 492,Concepción,8.0
Ruta 146,,8.0
Villa rio chillan calle safiro 1377,,
Calle Ing. Ernesto Pinto Lagarrigue 1886,,
Parcela 11 Virtud Campesina  Sector Pata de Gallina,,
Av. Los Presidentes 1566,Concepción,8.0
Escocia 866 hualpen,,
lejandro Fuenzalida 713,,
Badajos 045 Piso 5 Edif Fundadores 2,,
Juan de Dios Rivera 590,Concepción,8.0
Fundo La Cruz Lote N2 SN,,
Mariano Egaña 1461,,
Del Puente 1064,,
Dos Ote,,
Carmen 752,,13.0
Km 0,,
Cartagena 849,Hualpén,8.0
Pasaje Cerro Altar 508,Coronel,
"Col. Bernardo O""higgins",,
Av. Cristóbal Colón,,8.0
3381147 Molina,,
Km 2 Ruta Q50,,
San Nicolás,,
Las Acacias 8,,
tres esquinas s/n,,
Colón 3188,Talcahuano,8.0
Luis Uribe 3659,,
Pje. las Lilas 35,Concepción,8.0
Andalué,San Pedro de la Paz,8.0
Miguel de Cervantes 267 San Vicente,,
km 14 Ruta N° 55 Camino a Pinto,,
Rio Lontue 597 Denavi Sur,,
Alto Horno 396,Talcahuano,8.0
km 7 del,,
Malaquías Concha 3,Penco,8.0
Los Yaganes 1786,,
Las Heras 2241,Concepción,8.0
Pje. Saavedra,Concepción,8.0
Calle Jose Cardenio Avello 442,,
Algarrobo 2290,Talcahuano,8.0
Esmeralda,,
Arturo Prat 112 bdga 1  Edif Plaza Lota,Lota,
Almte. Latorre 897,Talcahuano,8.0
Mérida 1975,San Pedro de la Paz,8.0
O Higgins 1186 Oficina 1202 Studio Sur,,
Juan Ignacio Molina 514,,
Av. Los Carrera 1416,Concepción,8.0
Andrés Bello 720,,
El Retamo 4417,,
LA REPUBLICA 840 VILLA LOS NARANJOS,,
el roble 1035,,
2 poniente 1049 medio camino,,
ISABEL RIQUELME 1028,,
Panamericana Calle Servicio Violeta Parra  sn,,
Finlandia 840,,
San Martín 250,,
La Vega 749,Talcahuano,8.0
German Riesco 2941,,13.0
Pasaje Los Naranjos 24,,
Av Argentina 229 101 San Vicente,,
Colo Colo 51,,
Avenida Chacabuco 135 Tercer Piso,,
Volcán Sierra Nevada 582-714,,
1 Pte 123,,5.0
Luis Acevedo 3428,,
Avda Federico Schwager 956 Parque Industrial,,
Bahia Inglesa 0 1503 304 Centinela 1,,
Michimalonco 3664,,
P88C+9H,,
Jaime Repullo 2906,Talcahuano,8.0
Avda Bayona 1847 Edificio 3 Dpto 103 Condominio Los Acacios 2,,
Jaime Repullo 924,,
85G4+X8,,
PARCELA 16 EL AJIAL,,
Camino a san ignacio sector río viejo kl 0.5 s/n,,
O'Higgins 770,Penco,8.0
San Pedro de la Paz,San Pedro de la Paz,8.0
Castellon 13,,
Av Michaihue 471,San Pedro de la Paz,8.0
COSMITO,Penco,8.0
Av. Las Torres,,
Ohiggins 770 oficina 33,,6.0
Avda Costanera 5800 Lote 1 Parcela 9,,
Los Olivos #288,,
FUNDO EL RODEO S/N LO HERRERA,,
Talcahuano,Talcahuano,8.0
Colon 1617,,
Silesia 1924,Concepción,8.0
Villagran 1251,,
Sta. Catalina de Chena 751,,13.0
Hugo Montriou 1375,Concepción,8.0
Ensenada Guanquinire 1398,,
Colón 1617,,
Eleuterio Ramirez 755,,
Griselda 56 Pobl Santa Leonor,,
Ohiggins 1186 of 1202,,6.0
Tanilvoro,,
Callejón Santa Laura - Cam. A Coihueco,,
"38°39'34. 72°36'20.2""W",,
Avda Golfo de Arauco 3649 of C Parque Industrial,,
Camino San Nicolás S/N,,8.0
Gómez Carreño 2745,,
Carlos Junge 725,,
Jaime Repullo 1976,,
Isabel Riquelme 1065,Concepción,8.0
Angol 528,,
lote b parcela 71 sanjoaquin de los mayos machali,,
Maipu 1020 OF 15,,
Eleuterio Ramírez,,
Ignacio Serrano 568,,
Quinel Ote. 2513,San Pedro de la Paz,8.0
Talcahuano16 Valparaíso 113 C.Ch.Cocholgüe,Talcahuano,5.0
Lastarria 79,,
Av. Cristobal Colon 6742 local 6,,
Costanera Rivera Norte 6800 Sitio 6 Hualpen,,
Ruta 160 12,,
Nicolas Verdugo 1953,,
Aureliano Oyarzún 535,Talcahuano,8.0
Brasil 259,Talcahuano,8.0
Juvenal Hernandez 665 El Carmen,,13.0
Portezuelo,,
Calle Granada 3325 Block 5 Depto 31 Lan A4,,
Ema Fuentes 757,,
Cam. del Amanecer 872,Concepción,8.0
Purén 299,,
San Vicente de Tagua Tagua,,6.0
Almitante Latorre 1009 San Vicente,,
Lago Riñihue,,
Ventus 1690,,
Callejon Santa Clara Km 7,,
Colón 24,Talcahuano,8.0
CARRERA 957,,
El Bosque Norte 0177 OF 501,,
Pedro Medina,,
AVENIDA LIBERTAD 321,,
Avda Costanera 5800 Lote 1 Parcela 9,,
San Miguel,,
N-892,,
Lote C Fundo Maitenco SN,,
La Divisa 01100,,
Berlin 4176 Crispulo Gandara,,
Arica 160,,
Rengo 68 Centro,,
Avenida La Foresta 130,,
Autopista 8360,,
Libertador Gral. Bernardo O'Higgins N° 536,Concepción,8.0
KM 6 camino a Yungay Sector Valle escondido,,
Vista Hermosa SN Bulnes,,13.0
Ongolmo 2155,Concepción,8.0
Los Gindos 96 Chiguayante,Chiguayante,
Jaime Repullo 2233,,
Abdón Cifuentes,Concepción,8.0
Talcahuano,Talcahuano,8.0
Maipú 1644,Maipú,8.0
O'Higgins 380,,6.0
Chorrillos 1153,Concepción,8.0
Av. Arturo Prat 507,,
Pasaje Las Azaleas 56 Los Conquistadores,,
Francisco Puelma Castillo 677,,
ruta N 224 Tropezon sn,,
Kl 9 camina a quillon bulnes,,
Sta. Elena,Concepción,8.0
Juan Macaya 70 San Vicente,,
Fresia 164 Arenal,,
Pasaje 4 n° 492 Mirador del Rio Chiguayante,Chiguayante,
Esperanza 507,Chiguayante,8.0
Juan de Dios Rivera 590,Concepción,8.0
Brasil 9 San Vicente,,
Michimalongo 3713-3695,Talcahuano,8.0
Av. Rodrigo de Araya 1263,,
Los Zorzales 7962,Hualpén,8.0
Dr Fernando Urra pasaje 3 casa 88  Altos de Chiguayante,Chiguayante,
Baquedano 1636,,
Ohiggins Poniente 50 Local 8,,6.0
Av. Pedro de Valdivia 880,Concepción,8.0
km 20,,
Manuel Montt 02500 Paso Seco Norte,,
Galvarino 91,,8.0
Raulí,,
Pasaje Tomas Thayer 746 Salinas,,
Purén 9157,Hualpén,8.0
Av Central Lote 7 Manzana B Parque Industrial N 2,,
Orella 74,Talcahuano,8.0
Arturo Prat 155,,
Longitudinal Sur,,
Monterrico 1761,,
Avenida Michaygue 808,,
Finlandia 840,Hualpén,8.0
Av. Collín 820,,
Ex fundo ñipas Hijuela 2 ranquil,,
Luis de Toledo 139,,
Canapus 22 villa los radales penco,Penco,
Sgto. Aldea 777,,
Calle Andalien 299,,
Comandante Simpson 40,Penco,8.0
Balmaceda 615,,
Camino viejo Huachipato 315,,
Sector piedra redonda km 4,,
Parcela,Talcahuano,8.0
Juan de La Cruz Tapia 152,Talcahuano,8.0
Calle Costanera 3443,,
Rinihue 2450 A 30,,
Bilbao 367,Talcahuano,8.0
Brasil 1320,,
Bulnes,,
Camino a las rosas lote h parcela 2,,
Vicente Huidobro Ote.,San Pedro de la Paz,8.0
Av Nueva Providencia 1363 Of 806,Providencia,13.0
Calle G 991 Brisas Del Sol,,
Ruta 5 sur Km 516,,
Galvarino 468,Concepción,8.0
Caletera Bypass Lote  3 A 3002,,
Nevados de - Km 71,,13.0
Coihueco,,
San Nicolás,,
Calle San Jose 128,,
Calle 4 1913 Parque Industrial Ejercito,,
Juan Guillermo Sosa 803,,13.0
Patricio Lynch 221,Concepción,8.0
Vicuna Mackenna 134,,
Los Veleros 79 Villa Alto el rari coliumo,,
Pedro Gomez D L montanas 124,,
Argentina 223,Talcahuano,8.0
Nonguén,Concepción,8.0
TOomas Yavar 259,,
Berlín 4176,Hualpén,8.0
Av. Las Industrias 10445,,8.0
RUTA 160 KM 17.5 PARCELA 35,,
Pangalillo km 4,,
Km 15 camino coihueco,,
Avda Arturo Prat 199 Of 1402 Torre A,,
Av. José Miguel García 298,Concepción,8.0
Los Acacios 87 Bayona,,
Rosauro Acuña 387,,
Comandante Alvaro - Comandante Aldo Rivera Muñoz 389,,
Camilo Henriquez 457,,
Ongolmo 1880,,
Av. Americo Vespucio 2880 Ofi 604,,
Hijuelas,,5.0
Bulnes 136,,
Gral. Cruz 331,,
Dirección Volcán Calbuco 671,,
Gabriel Toro 45,,
Octavio Jara Wolf 96,,
Hijuela San Jose Mortandad SN,,
Las Garzas 102 C28,,
Av. Chacabuco 485,Concepción,8.0
schuyler 338 San Vicente,,
Av. Alonso de Ribera 2850,Concepción,8.0
ERNESTO GREVE 3249 SALINAS,,
PA Cerda 275,Penco,8.0
Variante el carmen kilometro 2.5 el carmen,,13.0
puerta oriente 361 of 517,,
Av. Zañartu 1216,Concepción,8.0
Ruta 5 sur kl 423 bulnes,,
Av. Ecuador 1039,,
Camilo Henríquez 1090,Concepción,8.0
Avenida Baena 0367,,
Bristol 2546 Pobl Armando Alarcon de Canto,,13.0
Albert Olbrecht 3363,Talcahuano,
4020000njqh a eg if - Sector Lucumavida,,
9250452 Maipú,Maipú,13.0
Obispo Hipólito Salas 1371,Concepción,8.0
Km20 San Nicolás sin número,,
Peato Barros Arana 871,Concepción,8.0
Pje Estero Collen 25 B,,
Av. Curanilahue 327,Concepción,8.0
Camino Aquinel 1605,,
Av. Portal del Libertador 269,,
Pedro Montt 221,Talcahuano,8.0
Angol 436,Concepción,8.0
Venecia 574,Talcahuano,8.0
Las Heras 935,Concepción,8.0
Barros Arana 273,Concepción,8.0
Gral. Baquedano 1135,,
Isabel Riquelme 1028,Concepción,8.0
Camino a cape km 0,,
Ainavillo 1951 Barrio Norte,,
Pedro Aguirre Cerda 463,Lota,8.0
O-630,,
Av. Los Parques 310,,
Salvador Allende 942,,
Los Lirios 4975 Los Condores,,
Colo Colo 222,Concepción,8.0
Calle larga santa clara sin numero,,
Volcan Osorno 3421 San Marcos,,
Av. Diag. Bio Bio 990,San Pedro de la Paz,8.0
Pje. Los Acacios,Concepción,8.0
Laguna Avendaño 5527,,
Joaquín Prieto 189,Concepción,8.0
Florida 186,,
Manuel Rodríguez 145,Talcahuano,8.0
Ejercito de Chile 323,,
San Clemente,,
Barboza 565,,
Bulnes 130,,
Avda Collin 1016,,
Lote 29 Parcela 35 Colonia Bernardo Ohiggins kilometro 2 5 Variante Nahueltoro,,6.0
Km 3 camino trehuaco Coelemu,,
Toscania 3112,Hualpén,8.0
Unnamed Road,,
Calle Juan Cruz Vega 450,,
Pje. Laraquete 3507,,
Av. Nueva Providencia 1881,Providencia,13.0
Baquedano 1693,,
Arteaga Alemparte 943,Talcahuano,8.0
Cocharcas 291,,
Los Araucanos 1584,Talcahuano,8.0
Alonso de Reinoso 252,Concepción,8.0
Llanquihue,,
KM 1 CAMINO A COCHOLGUAN S/N,,
Nicasio Alarcón 605,,
Ohiggins 770 Local 33,,6.0
PATRICIO LYNCH 215,,
Caleta del medio - Pasaje La Greda 1037,Tomé,8.0
El Pellin SN,,
Los Espinos 71,,
Pedro Aguirre Cerda 1454,,
Jaime Repullo 2850,Talcahuano,8.0
Las Vinas 112,,
Av. Andalién 285,Concepción,8.0
Av. Pedro de Valdivia 801,Concepción,8.0
La Frontera,,
Sarita gajardo calama 516,,
Pje. 33 6201,Talcahuano,8.0
Araucaria 119 Higueras,,
Sta. María 112,Concepción,8.0
Quilleco,,8.0
Avda circunvalacion 1087,,
Bellavista 2075,Concepción,8.0
Patricio Lynch 215,Concepción,8.0
Ohiggins 529 Sector Arenal,,6.0
Libertador Gral. Bernardo O'Higgins 756,Concepción,8.0
El Carmen,,13.0
RENGO 62 101,,
La Vega 597,Talcahuano,8.0
Lientur 669,,
Basilio Urrutia 4458,Talcahuano,8.0
Boldo 399 Higuera,,
Los Eucaliptus,,
Lyons 4365 villa Francia,,
Claudio Arrau 558,,
Luis Acevedo 3540 4260000,Talcahuano,8.0
Bellavista 1791,,
Cost 114,Concepción,8.0
Aníbal Zañartu 2601,,13.0
Colón 3252,Talcahuano,8.0
Av. O'Higgins 4050,,6.0
Parcela 6 lote B-1 Sector Cosmito,Concepción,8.0
Lago Chapo,,
Orella 74,,
Las Margaritas,,
Bodega 3 y 4 (Bodega Outlet - Cam. los Carros 1955,Concepción,8.0
Almte. Latorre 1386,Talcahuano,8.0
Blasser 427,,
Av. Apoquindo 5550,Santiago,13.0
Av. Collín 1016,,
Guarilihue Leonera S/N,,
Alamparte 8851,,
Brasil 510,,
Violeta Parra 1850,,
San Martin 639,,
Unnamed Road,,
Colon 3620,,
Camino a huape km6,,
C. LL 1195,Talcahuano,8.0
4603212 Hualpén,Hualpén,
Balmaceda 180,Talcahuano,8.0
Huérfanos 1055,Concepción,8.0
PANAMERICANA NORTE 570,,
Avda el bosque norte 0177 1002,,
Cerro Colorado 5240 1301 Las Condes,Las Condes,13.0
Población Purén calle central 236,,
Esperanza 507,Chiguayante,8.0
Diagonal BioBio 184 Candelaria,,
Orella 31,Talcahuano,8.0
Ecuador,,
Vicuña Mackenna 3220 Concepción,Concepción,
Luis Garcia C 441 3 Vicente del Rosario,,
Isla de Pascua,,
Pasaje Fontone 6054 OF 1,,
Sector Rahuil Bajo kil. 2.5,,
Vasco Núñez de Balboa 3380,Talcahuano,8.0
Av. Los Batros 2400,San Pedro de la Paz,8.0
Ramon Carrasco 375,,
Carrera 1219,,
Calle Nueva Uno interior,San Pedro de la Paz,8.0
Juan de Matta Pradel 437,Concepción,8.0
Pisagua 377,,
Tarapacá,,
Las Ulmarias 1475 Poblacion Miraflores,,
Los Jacintos 5326,,
Hualqui 642,Hualpén,8.0
28 de Octubre 366 Cerro Cornou,,
Cervantes 56 San Vicente,,
El Porvenir de Cato kilómetro 32 Coihueco,,
Belgica 1673,,
Los Notros 7181,Concepción,8.0
Los Sauces 56,San Pedro de la Paz,8.0
Fundo Los Tilos S/N Bulnes,,
Maximiliano Poblete 14601,,
Los Onas 432,,
Rafael Miranda 17,,
Monjitas 550,Santiago,13.0
Carrera 651 San Carlos,,
Sector La Piscina - Ruta N-48-O,,
Riquelme 199,,
Manuel Antonio Matta Goyenechea 201,,
Membrillar 700 B,,
Ruta 5 sur km 410,,
Flores Millán 1912,,
Malaquías Concha 819,Talcahuano,8.0
Ruta N 48 km 2,,
Parcela 13 colonia Bernardo Ohiggins,,6.0
Poblacion A Prat Oschleyer 446,,
Rosario Norte 532 piso 8,,
Camino Viejo Huachipato Lote 10 B,,
Volcán Chillán 3582,Talcahuano,8.0
Diego Portales Palazuelos 867,,
Víctor Lamas 1240,Concepción,8.0
Colo Colo 222,Concepción,8.0
Herminda Martin 557,,13.0
Caleta Tumbes Calle,Talcahuano,8.0
Germán Riesco 2941,Talcahuano,13.0
Rio Tolten 5673 San Eugenio,,
Las Dalias,,
Avenida almirante la Torre 897 San Vicente,,
Sgto. Aldea 665,,
Venecia 2991,,
Calle Principal 100 Caleta Tumbes,,
Parcela 6 Cosmito,,
Celulosa 271,,8.0
Vicuña Mackenna 860,Concepción,8.0
4030742 Concepción,Concepción,8.0
18 de septimbre 1286,,
Avenida Andalien 552,,
4450330 Los Ángeles,,8.0
Crucero colton en Rancho. El. Maitén,,
Carlos Condell 1081,,
C. Cuatro 623,Lota,8.0
Victor Abel Gonzalez 1110 Coelemu,,
Altona 3608,Hualpén,8.0
5892267‐8,,
Las Maestras 1796 pobl Ohiggins Coronel,Coronel,6.0
Colón 3430,Talcahuano,8.0
Lasareto 2B,,
Playa Buchupureo - N-102-M,,
Colón 3360,Talcahuano,8.0
Los Canelos 751,,
Pedro Montt 52,Talcahuano,8.0
Isabel Riquelme 1065,,
Schuyler 66,,
Las Rosas,,
Pedro Aguirre Cerda 794,,
Avda Del Manantial 18298,,
Orompello 1153,,
CAMINO CHILLAN A CATO KILL S N SECTOR LAS COLES,,
Ángel Parra 675,,
Marchant 466 chillan viejo,,
MAIPON 408,,
Calle Barronvieyra Nº 4,,13.0
Jorge Montt 57 Caleta El Morro,,
Bellavista 1273,Concepción,8.0
Pje Esperanza 2370 Sector Palomares,,
Av. Pedro de Valdivia 1276,Concepción,8.0
Hijuelas 1 Bce 2 lt C  Con Con,,
Padre Las Casas,Hualpén,8.0
Río Yeso 5367,Talcahuano,8.0
Los Castaños 5,,
El cabildo 201,,
San Francisco de Borja #750,,13.0
Silesia 3282,Concepción,8.0
Camilo Henríquez 485,Concepción,8.0
Camino a Ranchillo bajo Lote 9 Campanario,,
Diego de Oro 382,Concepción,8.0
Pasaje 2 Villa del Rio 121,,
Av. Mariscal Ruiz de Gamboa 223,,
pje la capilla 3880 dña rosa,,
Diagonal san Camilo parcela   s km 0,,
Teniente Riquelme 2968B Lorenzo Arenas,,
Jaime Repullo 178,Talcahuano,8.0
Pasaje Gustavo Bravo 723 Poblacion el Roble,,
Seis Sur,,
San Carlos 6347 Santa Maria,,
Laguna San Pedro 5797,,
Kl 3.6 camino a san fabian,,
Lautaro 2165,,
Jorge Alessandri Rodríguez 449,,
Las Brisas 2251,Concepción,8.0
20 de agosto 1289,,
Santiago urrutia 390,Santiago,13.0
Oriente,,
Luis Vicentino 10,,
Conde del Maule 05,,
Manuel Montt 875,,
Constitución 644,,
Av. Collín 883,,
Jerusalem 782,San Pedro de la Paz,8.0
Galpón 21,,8.0
Manuel Mont 229,,
Calle Provenir condominio Peumalihuen Casa 114,,
Ruta 5 sur km 4093,,
Pobl Porvenir Calle 1 Casa 3215,,
Km 3 2 camino Villarrica Licanray,,
Av Michaihue 808,San Pedro de la Paz,8.0
Carrier Norte Lote 9 A 1 SN,,
Camino Pata de Gallina Km 0,,
La Concepción 81,Providencia,13.0
Avenida Coliumo Los Morros 2012,,
Buenos Aires 650,,
Uno Sur 468,Talcahuano,8.0
Arteaga Alemparte 8753,Hualpén,8.0
Gabriela Mistral,,
Gral. Parra,,
Baquedano 575,Concepción,8.0
km 6 camino a yungay sector valle escondido sn,,
Av. Cristóbal Colón 8307,Hualpén,8.0
Avenida Jose Maria Caro 1443,,
Blanco Encalada 444 604,,
Libertador Gral. Bernardo O'Higgins 680,Concepción,8.0
Galvarino 2018,,
Los Olivos 156,Concepción,8.0
Ramón Carrasco 239,Concepción,8.0
Los castanos 6890,San Pedro de la Paz,
Ruta 160 107,,
Av Vitacura 2771,Las Condes,13.0
Av. Los Presidentes 1534,Concepción,8.0
San Ignacio,Hualpén,8.0
Av. Carrascal,,
Los Robles,,
Saint Margaret 055 00 Lomas de Montemar,,
Golondrina 922,,
Villa El Crisol,,
Calle Ones de Loyola 1324,,
Cocharcas 025,,
Errázuriz 2924,Talcahuano,8.0
Av. Américo Vespucio 344,,
Río Viejo 1203-1285,,
Carrera 80,,
Balmaceda 89,Penco,8.0
Pasaje 21 2274 Laguna Redonda,,
Galería los arrayanes - Caupolicán 321,Concepción,8.0
Ruta 60 218,,5.0
Paramerica Sur KM 406,,
Cabildo 240,,
Florindo Lagos 436,,
Ongolmo 1359,Concepción,8.0
Avda Cataluna 1118 depto 702,,
Sucre 2397,,
Alonso de Ercilla 815,,
Longitudinal Sur,,
Volcan Osorno 4758 Bahia Null,,
Río Chillán 1366,,
Italia #746,,
Ruta 5 sur km 510,,
Yobilo 984,Coronel,8.0
La palma kl 19 camino a coihueco,,
CLAUDIO ARRAU 901,,
Los Almendros 1196,San Pedro de la Paz,8.0
Autop. Concepción - Talcahuano N° 8360,Talcahuano,8.0
Colón 3204,,
C. Republica 23,,
Camino a Balmaceda Parcela 7,,
COCHARCAS 291,,
Sicilia 3682,,
Km 1 camino a san Nicolas,,
Av. del Parque 4680,,13.0
385 PASAJE 2,,
Cajigal y Solar 1968,San Pedro de la Paz,8.0
Baquedano 1590,,
Arturo Prat 306,Concepción,8.0
Arica,,
Lafquen 1110 Cumbres de Andalue,,
Las Azaleas 56,,
Km 3 ruta n 48 Bulnes,,
C. Cuevas 226,,6.0
Dieciocho de Septiembre 140,,
O'Higgins 810,,8.0
Cam. Viejo a Huachipato,,
Pablo Neruda 37,Concepción,8.0
Rupanco,,
de Concepción a - Autopista 6360,Talcahuano,
Palermo,,13.0
San Pedro de Atacama 1300,,
Colonia Bernardo O'Higgins,,6.0
Avenida Brasil 894,,
Malaquías Concha 701,Talcahuano,8.0
Hemdaya 60 DP 502,,
Creta 865,Concepción,8.0
Arturo Prat 345,,
Magdalena Petit 7822,San Pedro de la Paz,8.0
O'Higgins 54,,6.0
Manuel Gutiérrez 2029,Concepción,8.0
Miguel de Cervantes,Concepción,8.0
CAMINO A COIHUECO KM 20 S N,,
Rio Turbio 23 Villa Independencia,,
Rio Petrohue 636 Denavisur,,
Tucapel 928,Concepción,8.0
Jose Miguel Carrera 738,,
Patricio Lynch 531,,
Sajonia,Hualpén,8.0
San Martín 481,Talcahuano,8.0
Sector colton sn,,
Los Lobos 1565,Talcahuano,8.0
ALONSO DE ERCILLA 905,,
Libertador Gral. Bernardo O'Higgins 1186,Concepción,8.0
Unnamed Road,,
Mons Alarcón 444,Talcahuano,8.0
Talcahuano,Talcahuano,8.0
Elbasan 2089,Concepción,8.0
Calle Ohiggins 265 Poblacion Santa Leonor,,6.0
Carretera Panamericana KM 415 Rucapequen,,
Independencia,,
Pasaje 1 Casa 5292,,
Corral,Hualpén,8.0
PATRICIO LINCH 221,,
Orompello235,,
Las Lilas,,
Ramón Carrasco 345,Concepción,8.0
O-556,,
El Conquistador del Monte 4732,,
Casa San Carlos 6369 Santa Maria,,
Padre Alberto Hurtado 3,Concepción,8.0
El Encanto,,
Victor Gregorio Amunategui 3143,,
Ejercito 1418,,
Fundo Mollihua SN Trehuaco coelemu,,
Las Golondrinas 1485,,
Cataluña 1118,Concepción,8.0
km 11 camino a temuco,,
4602869 Hualpén,Hualpén,8.0
Av Laguna grande 350 Casa 31 Condominio Los Notros,,
Variante Collin 59,,
Av. Siete Lagunas 1076,Concepción,8.0
6H54+X4,,
Cam. A Lenga 2610,Talcahuano,8.0
3800722 Chillán,,
Barros Arana 492,,
Teniente Riquelme 2968,Concepción,8.0
Av. Cristóbal Colón 6742,Talcahuano,8.0
Via Interlaguna 425 Parque Industrial Ejercito,,
Ainavillo 1649,Concepción,8.0
Italia 746,,
Cardenio Avello 36,Concepción,8.0
Sector Caravanchel sn,,
Las Golondrinas 444,,
Luis Acevedo,,
I-730,,
Av. Pdte. Eduardo Frei Montalva 3011,,13.0
Serrano 710,,
Pje VItervo 256 San Carlos,,
Au. Panamericana Nte. 591,,
Lincoyán 1134,Concepción,8.0
Truf Truf 1250,,
Almte. Neff Nte. 255,,13.0
Q-524,,8.0
Arturo Prat,,
LOS LEONES 957,,
Tucapel 578,,
Venecia 2857,,
PJE SALAMEA 468 BRICENO 2,,
Santiago Watt 4480 LT B 3,Santiago,13.0
Praga 2981,Hualpén,8.0
Ruta Q90,,
Los Puelches 925,,
Arturo Prat 1099,Concepción,8.0
La Quinta LT 1 LT 1a Coihueco,,
Quechereguas 1014,,6.0
Dover 2360,Concepción,8.0
1 de enero 835,,
Pje. 37 384,Concepción,8.0
Baquedano 597,Concepción,8.0
Victor Domingo Silva 1827 x Santa Sabina,,
Arturo Prat 199,Concepción,8.0
Tres Ote. 1377-1367,,
Serrano 198,,
KILOMETRO 4 PANAMERICANA  SN SECTOR SANTA ELISA,,
General Nova 1005,,
Cancha Rayada,,
Luis Uribe 5219,,
Unnamed Road,,8.0
Av. Brasil,,
Carlos Barrientos,,
Orozimbo Barbosa 104,,
Cardenal Caro 435,,
km 15 San Nicolas,,
Bellavista 1792 Barrio Norte,,
Av. Diego Portales 1048,,
Camino Viejo A Lirquen 42,,
Las Encinas 56 Sector Maule,,
Colón 2638,,
Paso Ancho,,
Cruz 535,,
Camino huape kilómetro 10 fundó Pelehue,,
Volcan Ollague 589 San Marcos,,
Freire 348,,
Yerbas Buenas 564,,
Caleta tumbes principal 17,,
Capitán Prat 150,Concepción,8.0
Bernardo Ohiggins 630 of 306,,6.0
Alonso Ovalle 14,,
Jaime Repullo 1360,,
Pasaje 7 los prados 2861 villa pobl Floresta 3 Hualpen,,
Obispo Hipólito Salas 990,Concepción,8.0
Echaurren 237,Santiago,13.0
Veintiuno de Mayo 83,Coronel,8.0
Concepción,Concepción,8.0
Chillan Viejo,,
Av chile 287 población Maipú chillan,Maipú,13.0
San Bernardo 781,,
Malaquías Concha 1148,Talcahuano,8.0
Venecia,,
Collin 915,,
Matamala 173,,
Bilbao 467,Talcahuano,8.0
Santa Emilia lote  3a Huepil,,
Fundo El Castillo Manzana 8 SN,,
Juan de dios Vidal 1435 Los Lirios Collao,,
Parcela 35 LT 43 bdo Ohiggins,,6.0
Av. Simón Bolívar 4576,,13.0
Ruta 5 Sur km 406,,
Los Ceremistas 8640,,
Villa El Huascar Pasaje 20 casa 779,,
Barros Arana 194,Concepción,8.0
Arturo Prat 766,Concepción,8.0
de Cerrillos - Lote 2 y 3,,
Valencia 894,Concepción,8.0
Orompello 1333,,
Ecuador 725,,
Panamericana Sur klm 376,,
Pasaje 2 95 Los Arrayenes,,
Av. Jorge Alessandri Rodríguez,Concepción,8.0
Pje. 2,,
Paicaví,Concepción,8.0
Freire 1595,Concepción,8.0
Huiscapi 242,Hualpén,8.0
Balmaceda 394,,
Pinihue,,
Camilo Henríquez 483,Concepción,8.0
Los Pidenes 170,Concepción,8.0
Diego Velásquez 1058,Concepción,8.0
Au. Panamericana Nte. 1850,,
El Parron Lote 4 Cholguan Norte,,
3 PONIENTE 645,,
Talcahuano,Talcahuano,8.0
Ldo. Bustamante 2313,,
Avda Colon 3514 Las Salinas,,
9XR7+J3,,
Libertad 350,,
Calle Trehuaco 620,,
Los Lleuques,,
Nueva Portales 1197,,
Pasaje el alméndran 2764 iquique,,
Av. Andalién 190,Concepción,8.0
Pasaje Volcan llullaillaco 1009,,
Rostock 4503 Penuelas 1,,
Lourdes 25,Talcahuano,8.0
Parcela Santa Laura N25 Los Aromos Salto del Laja,,
Joaquín Prieto 1160,Concepción,8.0
Las Galerias 577 poblacion Ohiggins,,6.0
Los Alacalufes 519,Talcahuano,8.0
Manuel Zañartu 60,,
Maipú 681,Maipú,13.0
CAMINO A PINTO KILOMETRO 9,,
Barros Arana 492,Concepción,8.0
Pje. Rio Blanco 2067,,
Infante 199 A,,
ARAUCO 270,,
Sotero de Rio 508,,13.0
Peumo 558,Talcahuano,8.0
Km 8 Camino a San Javier SN,,
Marihueño,,
Av La Foresta Pasaje Belloto Casa 16 Lomas Coloradas,,
Manuel Montt 875,,
Los Conquistadores 1700,Providencia,13.0
Hj Segunda Nibilito s7n Coihueco,,
Ramón Carrasco 231,Concepción,8.0
Heroes de la Concepcion 117 coelemu,,
Villa Alemana,,5.0
Panamericana sur KM 410 Chillán Viejo,,
Ainavillo 1866,Concepción,8.0
O'Higgins,,6.0
Cornelia Olivares 540,,
Km 8 camino a huape,,
Pasaje 1 Casa 9348 parque residencial Bio Bio,,8.0
Colonia Bernardo Ohiggins 46,,6.0
Las Canoas 465,,
Jaime Repullo 1615,,
Avenida Cataluna 1172 of 315,,
Pasaje Rapel 720,,10.0
Ignacio Serrano,Penco,8.0
Caleta Pto Inglés 1163,Talcahuano,8.0
Maitén 130,Talcahuano,8.0
Autopista 6750,,
Manuel Montt 229,Providencia,13.0
Barcelona 1217 Valle Escondido Paicavi,,
Buenos Aires 274 Poblacion Santa Clara,,
Principal 27 Caleta Tumbes,,
Avda Chacabuco 37,,
Calle 30 Ote. 1546,,
Sgto. Aldea 348,,
Av. Central 512,Concepción,8.0
C. Llullaillaco 2601,,
Av. del Parque 5275,,
Tucapel 589,,
Av Bernardo Ohiggins 4050 1116,,6.0
Aerodromo Bernardo ohiggins km 7 camino a coihueco,,6.0
Freire 1595,,
Arauco 270,,
Arturo Prat,,
Camino A Yungay Kilometro 5,,
Calle Igualdad N211,,
Quinel Sur 2680,,
Angamos 204,,
Los Notros 296,,
Galvarino 2128 Barrio Norte,,
Calle 1 casa 46 gaete,,
Patria Nueva 1069,,
Sitio 27 Poblacion Santa Irma  San Rafael,,13.0
Pl. Baquedano,Providencia,13.0
SANTA AMELIA DEL RETIRO S N,,
Cerro Verde,,
Franfor 4290,,
Diego de Oro 153,,
Ongolmo 1997,,
kilometro 5 camino yungay,,
Av. Manuel Rodríguez 817,Concepción,8.0
Pedro León Gallo 466,,
Monte León,,
Av Ohiggins P Norte 2086 lote 3,,6.0
Manuel Rodríguez 493,,
San Marcos 4369,,
Schleyer 150,,
Las canoas pje 3 casa 15,,
Avda Celulosa 265,,
3 Oriente 152 La Esmeralda,,
Almte. Latorre 1111,Talcahuano,8.0
Orompello 1333A,,
Antártica Chilena 198,,
Dos Nte. 245,Talcahuano,8.0
Ejército 1370,Concepción,8.0
Chacabuco 906 Of 302,,
Km 8 camino,,
Chacra Guaiquillo lote 5,,
Roble Americano Pte 8721,,
Pena 2 Sur Casa 678 Lagunilla,,
Avenida Los Lirios 428,,
Griselda 6380,,
San Ignacio,,
Vista Bella 11 sector puente ñuble,,
Barboza 1103,,
Patricio Lynch 35,,
Applegath,Talcahuano,8.0
wwwww,,
Arturo Prat 884,Concepción,8.0
San Martin 1179 Of 3  Ejercito 1451 Of 5,,
Autop. Interportuaria,,
Coliumo aldea numero 2 casa 1,,
Libertador Gral. Bernardo O'Higgins 1186,Concepción,8.0
Km.12,,8.0
Las Garzas 331 Villa Candelaria,,
C. Sta. Rosa 422,,
Jaime Eyzaguirre 2722,Concepción,8.0
Las Rosas,,
Tomas Yabar 268,,
20 de agosto 1304,,
Badajoz Sur 200 Costanera,,
Cruz del Sur Calle 1 Casa 11,,
TUCAPEL 2234 LOTE 4 MZ E,,
Av. del Parque 5275,,13.0
Valdivia 123,,
Carlos Oliver 5425,Talcahuano,8.0
Carampangue 443 Depto 103 A Lan C,,
José M. Infante 861,,
Diego de Oro 382,Concepción,8.0
Anibal Pinto 1827,,
Gazmuri 250,,
P - Arturo Prat 1194,,
Los Copihues,,
Colo Colo 740 750,,
Almte. Latorre 1201,,
Av. Central,,13.0
Los Limones7155,,
Los Cipreces,Concepción,8.0
Yugoslavia 1896,,
Castellón 176,Concepción,8.0
Autop. Concepción - Talcahuano 6151,Talcahuano,8.0
Jaime Repullo 3815,Talcahuano,8.0
Calle Arica 160,,
Unnamed Road,,
Lincoyán 870,Concepción,8.0
Los Tres Antonios 191,,13.0
Polonia 3672,Hualpén,8.0
Avda Central 437 Cerro Verde Bajo,,
Manuel Montt,,
Bellavista 1791,Concepción,8.0
Argentina 380,,
Castellón 1669,Concepción,8.0
Calle B 6607 Brisa del Sol,,
Orompello 1225 Curamavida,,
Claudio Arrau,,
Camino A Quinchamali km 24,,
Erasmo Escala 772,,
San Luis Lote 3,,
Hijuela 2 De Tranguilboro,,
Pasaje L 1494,,
Caupolicán 365,,
Ongolmo 1327,Concepción,8.0
Avenida Cliumo 1227 O-,Tomé,8.0
Ejército 361,Concepción,8.0
9X9H+GJ,,
Puren 2,,
Erasmo Escala 248,,
Calle 2 Sur 601 Cerro Obligado,,
San Jose Sur,,
PADRE VICENTE LAS CASAS 60 POB ZANARTU,,
Egana 248 Centro,,
Av Las Violetas 362 Pueblo Seco,,
410000 Sector,,8.0
Km 7.5 Camino a Rafael S/N Sector Rinco 2,,
Gral. Baquedano 21,,
San Carlos,,
Pje. Seis 150,Talcahuano,8.0
Mercedes Norte 2015,,5.0
Antonio de la Fuente 370,Talcahuano,8.0
Venecia 300,Talcahuano,8.0
Arrau Méndez 480,Concepción,8.0
Tres Ote. 152,Talcahuano,8.0
Humberto Romero SN,,
Stripcenter Olimpia - Gómez Carreño 3284,Talcahuano,8.0
SAN RAMON LT 1,,
Hector Branas 582 Presidente Rios,,
Avenida Gabriela Mistral 1255,,
Caracol 790 Bellavista,,
Vera Suárez,,
Federico Schwager 972,Coronel,8.0
Antonio Varas 1148,Concepción,8.0
9W7R+X6,,
Rengo 1519,,
C Piedra de Francia 763 MZ 10 Llacolen,,
Parcela El Sauce KM 3 Curali Bajo,,
Juvenal Hernández 665,,
Calle General Cruz 218 Sector Arenal,,
Jaime Repullo 2330,,
4081415 Concepción,Concepción,8.0
Rosa Ohiggins SN Esquina Isabel Riquelme,,6.0
Ongolmo 1880,Concepción,8.0
C. Cobquecura,,
Santa Ana iguelas N°,,
Av. Circunvalación Sur 3130,,
Las Margaritas1915 depto 34 B Huertos Familiares,,
Pasaje Central 2252 ST 7 Pobl San Martin,,
Av. 105 1241,,
Esmeralda 74,,
Manuel Barros Borgono 3465,,
Janequeo 553,Concepción,8.0
Miguel de Cervantes 267,,
Enrique Soro 1517 - Villa Spring Hill,San Pedro de la Paz,8.0
Sotomayor 721,,
Avenida Collao 1202 casilla 5-C,,
Anibal Pinto 295,Concepción,8.0
L-16,,
Lote K Chiquimavida KM 4 SN,,
San Carlos,,8.0
Calle Rosario Norte 532 of 702,,
Km 9.7,,
San Martín 553,,
Maipú 1368,Maipú,8.0
Los Peumos 601,,
Av Americo Vespucio Norte 280,,
Camino oro verde kilómetro 5 callejón los mimbres,,
Autopista 6311,,
Bulnes 495,,
Hijuela santa juana del calvario,,
Parcela 41 B,,6.0
Pasaje isla caucahue 1372 islas del sur,,
Vicuña Mackenna 1119,,
Sector Lo Varga SN,,
Av. Forestal 1109,Coronel,8.0
Bristol 2557,Hualpén,8.0
Agustinas 1022,Santiago,13.0
Cosme Churruca 324,Concepción,8.0
Bellavista 1819 Barrio Norte,,
Gral. Cruz 535,,
Linconyan 858 DP 222 ED petrohue 2,,
Almte. Latorre 1590,,
Lautaro 119,Talcahuano,8.0
Simpson 110,,
Av. El Bosque Nte. 0177,Las Condes,13.0
pasaje Calama 42 poblacion Sarita Gajardo,,
Isla de Pascua 100,Talcahuano,8.0
Avenida Estero la Posada 3655 - Parque Industrial Coronel,Coronel,8.0
ITATA 142,,
Bernardo Ohiggins 1307 lote 35,,6.0
Los Halcones 198,Talcahuano,8.0
El Carmen,,13.0
KM 1 Camino Nueva Aldea SN,,
Variante Nahueltoro km 2,,
Libertad 671,,
Antartica Chilena 760,,
Osorno,,
Bulnes 284,,
Avenida los lobos 1565,,
Av. Collín 1112,,
Vista Bella 12,,
Alonso de Rivera 2850,,
Colo Colo 222,Concepción,8.0
Michimalonco 3664,,
Arturo Prat 259,,
Ignacio Serrano 994,,
Américo Vespucio Nte. 995,Las Condes,13.0
4270742 Talcahuano,Talcahuano,8.0
Diego de Oro 382 Concepcion,,
Manuel Zañartu 664,,
Nueva Uno 3460,,
Av. Los Carrera 957,Concepción,8.0
Colon 1669 Sector Central,,
Calle 8 N977 San Marcos 2000,,
Fundo El Molino Lote 1 SN,,
KL 3 fundó boyen lote 30,,
Caupolicán 1318,Concepción,8.0
Av. las Margaritas 1626,,
Av Inglesa 55,,
Los Alamendros 1196 Bellavista,,
Ones de Loyola 1324,,
Bulnes 284,Talcahuano,8.0
Rengo 321,Concepción,8.0
Chacabuco 481,,
Los Olivillos 424,,
Las Heras 314,Concepción,8.0
P. Félix Eicher 77,,
Callao 2970,Las Condes,13.0
Américo Vespucio 444,,
Pérez Gacitúa 280,,
Parcela A3 Canchillas Cerro Negro,,
Aurelio Oyrazun 605,,
Esperanza 451,Chiguayante,8.0
Entre Ainavillo y Galvarino - Barros Arana 1668,Concepción,8.0
manuel Antonio Matta 1116,,
Cam. Al Volcán 9660,,13.0
Lote B Cerro Negro,,
Galvarino 346,,
Juan Cruz Vega 450,,
J Manzo Velasco 194 OF 4- 2 4,,
PASAJE LAS RAICES 543 VILLA DONA ROSA,,
av coliumo 1151,Tomé,8.0
KM 8 Camino a San Javier SN,,
Griselda 6302,Talcahuano,8.0
Calle 53D con Carrera 16 #S/N,,
Libertador Gral. Bernardo O'Higgins 491,Concepción,8.0
Los Cipreces 33,Concepción,8.0
Los Tilos,,
Escocia,Hualpén,8.0
san miguel comuna pemuco km 440,,
calle cerro la campana 32 quinta merced la cruz,,
RP8F+2F,,
Ohiggins 1186,,6.0
Calle central parcela 72 quilmo bajo,,
Km 6 Camino Huape Villa Iraira Chillan,,
Los Acacios 87,San Pedro de la Paz,8.0
LT 18 PARC 1 FUNDO BOY EN KM 6,,
Compañía de Jesús,,
PASAJE 24 711 FLORESTA 3,,
Caupolican 321 Galeria Los Arrayanes Local 3,,
Vicuña Mackenna 181,Talcahuano,8.0
Av. Laguna Grande 350,,
Calle Bernardo O`Higgins 198,Concepción,8.0
Pje. Durango 849,Hualpén,8.0
Ines de Suárez,,
Acapulco 1772,,
Calle de servicio Violeta Parra,,
Almte. Latorre 1099,Talcahuano,8.0
Caupolicán 1151,,
Manuel Rodríguez 245,Talcahuano,8.0
Av. O'Higgins 562,,6.0
Av. Golfo De Arauco 3658,Coronel,8.0
República,Tomé,8.0
Las Heras 284,Concepción,8.0
Jaime Repullo 326,Talcahuano,8.0
Camino Huepil s/n,,
Calbuco 8684,Hualpén,8.0
Jaime Repullo 2803,Talcahuano,8.0
Ongolmo 2155 B,,
Colon 3360,,
Manuel Rodriguez 145,,
tagna 7,,
Av. los Carrera Poniente 301,Concepción,8.0
Cachapoal km 22,,
Manuel Bulnes 1725,Concepción,8.0
Km 21 San Antonio de Koto,,
Griselda 335 Santa Leonor,,
Manuel Gutiérrez 2027,Concepción,8.0
Avenida Colon 8297,,
AVDA beaucheff 965 depto 407,,
C. 4,,
C. A 682,Concepción,8.0
Manuel Montt 360,Talcahuano,8.0
Ruta N-55 km 16,,8.0
Moravia,Hualpén,8.0
Trehuaco 753 Parque Residencial BioBio,,
Camino a pinto km 19 pinto,,
Carlos Condell,Talcahuano,8.0
Bariante nahueltoro kl 2 chillan,,
Las Higueras 6445 Lomas Coloradas,,
Ohiggins 770 Lc 33 null,,6.0
964H+VC,,8.0
Las Mariposas,,
Av. Pinto 240,,5.0
Camilo del Rio 808,,
Caletera Bypass,,
Vicuna Maquena 2 A,,
Sicilia 2822 A Alarcon del Canto,,
Coelemu,,
Colo Colo 1167,Concepción,8.0
Ongolmo 402,Concepción,8.0
Las rosas 653 Santa Clara,,
Erasmo Escala 1061,,
Barros Arana 492 of78 Torre Ligure 78,,
Avenida Collao 1202,,
La Vega 749,Talcahuano,8.0
Lourdes 179,,
cochrane 635 Of 1604 B concepcion,,
PCV5+HRF,,
Av. Francesa 97,Concepción,8.0
Orompello 178,Concepción,8.0
20 de agosto 1289,,
Claudio Gay Oriente 4101 San Marcos,,
Variante Nahueltoro,,
Pasaje 14 2649 Floresta 3 Hualpen,,
Los Onas 432,,
Av Arturo Prat 199 piso 8 torre A oficina 801,,
Calbuco 8684 OF 42,,
Javiera Carrera 7353,San Pedro de la Paz,8.0
Los Jacintos 5326 Denavi Sur,,
Hungria,Hualpén,8.0
Jaramillo 1005,,6.0
Direccion,,
Camino a las mariposas pasaje vitoria,,
Los Cipreses 162,,
San Fabian km 2 san carlos,,
Los Carrera Poniente 301,,
Trehuaco 736 Parque Resid BioBio,,
Simon Riquelme 829,,
Coihueco,,
21 de mayo N7 Chiguayante,Chiguayante,
O'Higgins 770,,6.0
Carriel Nte. S/N,Talcahuano,8.0
Pasaje Volcan Antuco Casa 42 Villa Cordillera,,
HFQM+GM,,8.0
Santa Elena 1574 altos del Laja,,
Maipu poniente 44 D A 1507 Torre A Concepcion,,
Beaucheff 250 Arenal,,
R Vicuna 410,,
El Carmen 1433,Concepción,13.0
Km 3 camino a yungay,,
Parcela 10 ninquihue,,
Barros Arana 492,Concepción,8.0
Villa Los Volcanes 2 Psje Osorno 745,,
camino a coihueco km 5,,
Jaime Repullo 1615,,
NO FACTURAR POR ESTE RUT,,
las violetas 764 pueblo seco san ignacio,,
Av. Andrés Bello 2777,Las Condes,13.0
Conumo 126 carampangue,,
Andalue 2736,,
Felipe Cubilllos 746 El Rosario,,
Villa Esmerlda pasaje el poncho 292,,
KM 8 camino los Angeles Santa Eliana,,
Los Diaguitas 626,Talcahuano,8.0
Juan de Matta Pradel 437,,
2 Poniente 7278 Poblacion Patricio Lynch,,
Avenida Bernardo O'Higgins,,6.0
Bulnes 1271,,
Caupolican 1425,,
Sta. María 740,Concepción,8.0
Centenario 1138 tome,Tome,
Gaete - Edelmira 99,Talcahuano,
Av. Ramón León Luco,,
Poblacion santa filomena pasaje altocolco 268,,
Av. Chacabuco 1363,Concepción,8.0
Ruta 5 sur KL 375,,
Maipú 1245,Maipú,8.0
LOS EUCALIPTUS  LOTE  1 2351,,
Av. Bosque Mar 420,San Pedro de la Paz,8.0
Bernardo Ohiggins 194 Placilla Oriente,,6.0
18 de Septiembre 1358,,
Avenida Francia 352 Poblacion Santa Elvira,,
Rafael soto mayor 284 villa ferrocarril,,
Tarapacá 830,Talcahuano,8.0
Av. Laguna Grande 800,San Pedro de la Paz,8.0
San Martin 655,,
Arturo Prat 199,Concepción,8.0
Los Puelches 1440,,
Pasaje butre 171 villa cordillera,,
Av. Costanera 7488,,
Quinchao 7979 Villa Hermosa,,13.0
Las Canoas 294-350,,
EL Sauce,Tomé,8.0
Ejército 435,,
Colo Colo 1645,,
Andrés Bello 812,,
Av Latorre 399 San Vicente,,
Constitución 742,,
Bianchi 792,,
Av Ohiggins 4265 panamericana norte,,6.0
Baquedano 599,,
Av. Bernardo O'Higgins 388,,6.0
Pasaje Salustio BeeChe 375 Villa Padre Hurtado,,
Av Golfo de Arauco 3648 Parque Industrial,,
Los leones LT 486 11 de Septiembre,,
Juan de Dios Rivera 590,,
Marchant 466,,
2 Poniente 735 medio camino,,
Av. Maximiliano Poblete 14601,,
HAMILTON 1235 P MANSO DE VELASCO,,
Applegath 292,Talcahuano,8.0
5 de Abril 815,,
Los Ingenieros 972 Parque Industrial,,
4121717 San Pedro de la Paz,San Pedro de la Paz,8.0
Antonio Varas 292,Talcahuano,8.0
Sinforiano Ossa 959,,
Pemuco 9316,Hualpén,8.0
Los Copihues,Concepción,8.0
Vicuña Mackenna 1167,Concepción,8.0
Sta. Sabina 2209,Concepción,8.0
Arturo Prat 94,,
Av los Pajaritos 3195 Of 1019,,
Jaime Repullo 385,Talcahuano,8.0
Los Nardos 5386 Denavi Sur,,
Nicolás Verdugo 1953,Concepción,8.0
Valdivia 1187,Talcahuano,8.0
Arteaga Alemparte 8811,Concepción,8.0
4600874 Hualpén,Hualpén,8.0
Malaquias Concha 701 L3 San Vicente,,
Flores Millán 1630,,
Av. O'Higgins 2046,,6.0
Ruta q 60 km 1.4 sector el  altamirano,,
Av. Los Carrera 1698,Concepción,8.0
Chacayal Sur,,
Pueblo Seco,,
San Pedro Nolasco 219,Concepción,8.0
Collao 1202,Concepción,8.0
Jaime Repullo 924,,
Rio segre 2239 3 condominio guapuru chillan,,
Serrano 885,Concepción,8.0
Los Pellines,,
Av. Las Golondrinas 442,Hualpén,8.0
Avenida Las Industrias km 517 los angeles,,
Av. Manuel Rodríguez 734,Concepción,8.0
Ongolmo 1359,,
Lourdes 179,,
Avda Colon 1596 interior,,
Jaime Repullo 286,Talcahuano,8.0
La Marina 7310,,
Cochrane 635,Concepción,8.0
Lautaro 1097,,
Diag. Pedro Aguirre Cerda 1269,Concepción,8.0
Golf Lomas de La Dehesa 9576,,13.0
Coronel Souper 4060 Dto 318,Coronel,
Pje. 6 Nte.,Concepción,8.0
San Martín,,
Víctor Gregorio Amunátegui 3143,Talcahuano,8.0
Avda 2 Sur Poniente 489,,
Autopista 5935,,
Cinco de Noviembre 254,,
LOS CONQUISTADORES NORTE 70 D 303 CONDOMINIO ISABEL LA,,
KM 20 Camino a Coihueco,,
Averiguar,,
milano 03106 dpt102 siena,,
Libertador Gral. Bernardo O'Higgins 770,Concepción,8.0
Maipón 769,,
Sta. Rosa 575,Talcahuano,8.0
Parcela 13 Sector Colgue,,
Pasaje Rio Serrano 1101,,
Victoria,,
Nicacio Alarcon 605 nipa,,
Michimalongo,,
Longitudinal 2 973,,
Orompello 1781,Concepción,8.0
Janequeo 761,,
villa padre hurtado pasaje luis antini riveros 530,,
Pje. 2,,
Orompello 1024,Concepción,8.0
Andrés de Fuenzalida 22,Providencia,13.0
Arturo Prat 1024,Concepción,8.0
Honduras,,
Juan Macaya 65,Talcahuano,8.0
Ignacio Carrera Pinto 931,,
Fundo los Naranjos Rio Claro,,
Los nogales 397,,
Pje. Las Astromelias casa 19,,
Miranda 575 Sector Arenal,,
Calle 8 Ote. 2274,,
Prieto 1160,,
8G3R+W7,,
PARQUE INDUSTRIAL,Coronel,8.0
barboza 465,,
Eleuterio Ramírez 799,,
Claudio Arrau 1043,,
Paicaví 1879,Concepción,8.0
Balmaceda 679,,
Escocia 866,Concepción,8.0
Calle 6 171 J de Floresta III,,
Rucapequen,,
4602383 Hualpén,Hualpén,8.0
Rinconada de Cato,,
Camino El Peral Km 6,,8.0
parcela 18 lote 1 fundo bullen,,
Av. Los Carrera 2109,Concepción,8.0
Volcan Mino 462 Santa Marta,,
Almte. Latorre 1209,Talcahuano,8.0
Av Vitacura 2939,Las Condes,13.0
Cardenal Caro 265,,
Francia 325,,
Río Bueno 5278,Talcahuano,8.0
Pje. Veintidós 380,,
C. A,,
Malleco 9245,Hualpén,8.0
Maipón 148,,
Villa Santa Ines pasaje Santa Ines 1417,,
Los Acacios 363 Laja,,
Coihueco,,
Av. Cristóbal Colón 8297,Hualpén,8.0
Fundo el Carrizal Lote 8A,,
OHIGGINS 99A,,6.0
Parlamento de Tapigue 88,,
Palacios 941,,
Paicaví 246,Concepción,8.0
O'Higgins 380,,6.0
Rodrigo de Triana 170,Concepción,8.0
Miguel de Cervantes 267,,
Conumo 126 Carampangue,,
Yungay 396,,
ALMIRANTE LATORRE 152 A,,
Los Pintores 8781,Hualpén,8.0
X7W9+9R,,
Lago Lleu Lleu 443 El Bosque,,
Los Pinos,,
C. El Maiten 139-183,Puente Alto,13.0
Camino el Venado Interior 1454,,
Camino viejo a concepción s/n,Concepción,
Llahuimavida km 2,,
San Martín 3973,Chiguayante,8.0
Galvarino 455 Michaihue,,
Cruz 1565 Pje 3 Casa 1260,,
Baena 0376,,
Barros Arana 815 Of 38 A,,
claudio arrau 1043,,
Pedro Aguirre Cerda 35,Talcahuano,8.0
Cam. A Coihueco,,
Parque industrial - Vía interlaguna,Concepción,8.0
Itihue 725,,
Janequeo 761,Concepción,8.0
Ebro 2705 Las Condes,Las Condes,13.0
Jaime Repullo 1395,,
Alonso de Rivera 2850,,
Chillancito,Tomé,8.0
Superintendente Luis Antini Riveros 549,,
Tucapel 1040,Concepción,8.0
Camino a Conumo 126,,
Valparaiso 1030 Cerro Alegre,,5.0
Maipón 570,,
sector la gloria camino las torres km1 san carlos,,
Canelo,,
Libertador Gral. Bernardo O'Higgins 77,Concepción,8.0
Los Limones 7167 Lomas Coloradas,,
Luis vicentine 150 San elvira,,
Zanartu 480,,
Monsenor Sotero Sanz 161 Piso 5,,
Coihueco 774 Villa Acero,,
Trehuaco 616 Parque Residencial Biobio,,
Luis Acevedo 3428,Talcahuano,8.0
Las Malvas 228,Las Condes,13.0
Cruz,,
Malleco 9245,,
La Ermita 19,,13.0
Libertad 924,,
Castuera 3010,Concepción,8.0
Ainavillo 2151 Barrio Norte,,
Luis Cruchaga 3204,Talcahuano,8.0
Las Canoas 296,,
Concepción,Concepción,8.0
Brasil 515,,
Isla Juan Fernández 394,Talcahuano,8.0
Rucamanque 932 Cerro San Francisco,,
Tarapacá 447,,
San Martin 553 oficina 901,,
Valle Grande,,
Obispo Hipólito Salas 480,Concepción,8.0
Parque - Av Parque San Pedro del Valle 1998,Concepción,8.0
Gran Bretaña 4889,Talcahuano,8.0
Angol 969,,
Pje. Seis A,,
Villa Río del sur pasaje rague 1290,,
Juan Guillermo Soza 480,,13.0
Sector el lucero San Ignacio,,
Vicuña Mackenna 134,,
Av Espana 399,,
Brasil 70,Talcahuano,8.0
Eulogia Sánchez 065,Providencia,13.0
Eleuterio Ramirez 951,,
Javiera Carrera 7353 Bodega 6,,
El michai 4194 huachicop,,
Francia 215,,
Laguna Lo Galindo 844,Talcahuano,
San Martín 988,Concepción,8.0
Camino a pinto km 11,,
Coquimbo 536,,
pasaje Enrique Campos 533 villa el rosario lomas coloradas,,
Málaga 836,,
Tucapel 397,,
fundo chiquitoy km 10 sector los boldos,,
Torreblanca 300,Talcahuano,8.0
Calle Juan de la Cruz tapia 145,,
Puente Nuble Km 393 Sector Oratorio San Carlos,,
Santa Rosa Km 2,,
Las Merluzas 194 Los Lobos Viejos,,
Malaquías Concha 699,Talcahuano,8.0
Manuel Gutiérrez 1437,Concepción,8.0
Av Argentina 950,,
San Martín 290,Concepción,8.0
Av Alonso de Ribera 2850,,
Costanera Ribera Norte 1 7800 Particion Price,,
Chacabuco 1080,,
Faro Raper 2014 Lote B-6 San Luis de Lo Pin III,,
Juan Bastías 2641,,13.0
San Carlos 6181 Pobl Santa Maria,,
Creta 865 Hualpen,,
Maipú 1020,Maipú,8.0
Los Ángeles,,8.0
LAS DALIAS 1029,,
paso alejo lote 2 las cabras coihueco,,
Calle servicio oriente 489,,
Rincónada,,
Villa Los Radales Pasaje El Polux 70,,
Pemuco 9239 Parque Residencial Biobio,,
Avda Carbonifera 947 Lt 3 MZ 4,,
Manuel Bayón 3237,,
21 de mayo 152 pobl la fuente,,
Calle larga 39 santa clara,,
Río Manso 587,Talcahuano,8.0
Sgto. Aldea 156,Talcahuano,8.0
Malaquías Concha 680,Talcahuano,8.0
C. las Pitras 564,,
Av. Forestal 947,Coronel,8.0
Valdivia 123,,
Ongolmo 1304,Concepción,8.0
Cam. a Coronel 3455,San Pedro de la Paz,8.0
Av. Costanera 3443,Hualpén,8.0
Segunda transversal 457,San Pedro de la Paz,8.0
Camino pata de Gallina Lote 2 km 0.400,,
Galvarino 468,,
Morandé 322,Santiago,13.0
Las Agatas 489 Depto 1204,,
Sector Los Nogales SN Pedregal Lote B,,
Los Limones 7155,San Pedro de la Paz,8.0
74J5+5P,,
Alberto Moller 14,,
E Pinto Lagarrigue 1550  Km 1 5,,
Elena Blanco 928,,
Capilla cox kilómetro 15,,
Avenida Ohiggins Poniente 77 Oficina 1105,,6.0
Santa Eugenia 100,,
Av. Andalién 552,Concepción,8.0
Lautaro 1745,Concepción,8.0
Cam. a Lirquén 145,Penco,8.0
Calle Nueva 1 172,,
Gasmuri 250,,
O'Higgins 379,Talcahuano,8.0
Sotomayor 300,Concepción,8.0
Camino parque lantaño 100,,
Calle 3 equop 1 589 Brisa del Sol,,
Calle 5 4122 San marcos 2000 Talcahuano,Talcahuano,
Río Viejo 861,,
Barros Arana 492 78,,
Tumbes,,
Barros Arana 273,Concepción,8.0
Rengo 62,Concepción,8.0
Manuel Rodríguez 99-11,Talcahuano,8.0
Orella 53,,
Av Golfo De Arauco 3652,,
Beaucheff 250,Talcahuano,8.0
Merino Jarpa 140,Talcahuano,8.0
San jose HJ3-D Florida,,
O'Higgins 380,Talcahuano,8.0
Avenida ohiggins sn Tucapel,,6.0
Veintiuno de Mayo 72,Concepción,8.0
Los cardenal 567  Pueblo seco,,
Alonso de rivera 2850,,
Tegualda 83,Concepción,8.0
Colón 889,Talcahuano,8.0
Principal 17,,
Av. Las Golondrinas 982,Talcahuano,8.0
Av. Los Carrera 856,Concepción,8.0
Pasaje Cuatro 4373 La Floresta III,,
Calle 4 N° 1934 Parque Industrial Ejercito Concepción,Concepción,
Boldo,,
Av. Apoquindo 6550,Las Condes,13.0
Cocharcas 291,,
Argentina 75,,
Av. Circunvalación # 154,,
Rapanui 133,,
Ruta de la Madera,,
Gran Bretaña 4521,Talcahuano,8.0
Ernesto greve,Talcahuano,8.0
EXPOSICION 1810,,
Ñuble Rupanco 569,,
Camino A Nueva Aldea 1120,,
N-331,,
Altos Sta. Rita,,
Gobernador Juan Henriquez 965,,
Claudio Gay Ote Pje 48 3816 San Marcos,,
Las Violetas 106 Pueblo Seco,,
Miraflores 583,,
Cerro el plomo 5420 P.10,,
Río El Cisne 5311,Talcahuano,8.0
Fdo Los Naranjos SN,,
Vicente Pérez Rosales 429,,
Pje. Ciruelito,,
Sector Valle Escondido - Barcelona 1253,Concepción,8.0
Vicuna Mackena 305 Pobl Gaete,,
Las Canoas 287,,
Eduardo Puepping 2060,,
Pasaje 5 186 Partal San Vicente,,
km8 Quiriquina s/n,,
Los Vacios 43 Villa San Pedro,,
Pirumavida 3 SN Sector Tropezon,,
pasaje 5 4189 floresta  3,,
Av. Vicuña Mackenna 398,,
C. I 908,Talcahuano,8.0
Av. Nueva San Vicente,,
Sector Estacion SN Lanalhue,,
Los lirios 520 San Nicolás,,
San Alberto 1670,,
Andrés Bello 337,,
calle 4 1961 parque industrial ejercito Concepción,Concepción,
Los Carros 1955 Galpon 3 Bodega 3,,
Gabriel Toro 45,,
Av. Irarrázaval 1628,,13.0
Costanera Rivera Norte 1 7800 Sitio 4 Lt M y E sur,,
Ohiggins 1316 501,,6.0
Baquedano 1630,,13.0
O'Higgins 380,,6.0
Autopista 8360,,
Pasaje son francisco serrano 2282 chillan,,
Ruta 150 194,Penco,8.0
San Carlos 529,Talcahuano,8.0
Pasaje 30 Casa 950,Talcahuano,
Jaime Repullo 2295 Galpon J,,
Rengo 321,,
Tucapel 965,,
Turquesa 1193-1081,,
Valladolid 3388,,
Maipú 399,Maipú,8.0
Rengo 6862 Of 101,,
Albacete 40 Depto B102,,
Km 05 Camino Quirihue SN,,
Conde del Maule 315,,
Condomio Valle Metrinhue Km21,,
MARIN DE POVEDA 127 SEC.LOMAS SAN ANDRES,,
Beaucheff 3500,,13.0
Calle Padre - Pedro Mayoral 344,Concepción,
Quilelto,,
Los Mayas 1928,,
San Lorenzo lote a km15 talquipen,,
Talcahuano,Talcahuano,8.0
Paula Jaraquemada 1175,,
Jaime repullo 396,,
Océano Pacífico 3636,,
Los Pinos 153 Cholguan Estacion,,
G87Q+V9,,
Colo Colo 1372,Concepción,8.0
TUPUNGATO 584 LOS VOLCANES DOS,,
Barros Arana 492  78,,
Barros Arana 492,Concepción,8.0
Av. Pedro Nolasco Videla,,
Brasil 1265,,
km 8 la victoria camino las mariposas,,
Mario Poblete 697,,
Camino  cartago km,,
Cabildo,,
Pasaje Rio Quillen 1046 Yobiloi 2,,
Cam. A Lenga 3361,Hualpén,8.0
Angol 969,Concepción,8.0
Cholguan,,
La Greda 1037,Tomé,8.0
Los Guindos,Santiago,13.0
Calle Sotelco 1229 Candelaria,,
Flores Millán 340,,
Riñihue,Concepción,8.0
20 de Octubre 239 Salinas,,
Cholguan,,
Mons Alarcón 444,Talcahuano,8.0
Los Gorriones #452,Concepción,8.0
Balmaceda 921,Talcahuano,8.0
Hurel 28 Sector Arenal,,
Avenida Costanera 9200 Hualpén,Concepción,8.0
Avda Las Industrias Pedro Stark Troncoso 1015,,
Thompson,,
La Maestranza Sitio 16 14 Pqe Ind Lota Alto,Lota,
San Jose 130,,
Jaime Repullo 2295,Talcahuano,8.0
Lautaro 740,,
Brasil 1070,,
Fundo Los Tilo SN,,
Lientur 1457,Concepción,8.0
Los Araucanos 2555 Of,,
Parque de la Madera 110,,
Angol 670,Concepción,8.0
ballica norte sn bulnes,,
Volcán Laskar 220,,
Manuel Montt336,,
avenida argentina 2646,,
C. MARIHUENU 2680,Coronel,
Baquedano 386,Concepción,8.0
Dos Sur Salida a Catillo,,
Los Olivos 288  Lomas Coloradas,,
Cocholgue 1416 villa verde Parque,,
Torre 2 27 Mirador BioBio,,
Hernando de Magallanes 1 1748 Lagunillas Norte,,
Villa Padre Hurtado 3 Pasaje humanidad 1046,,
San Carlos 715,Talcahuano,8.0
Gran Bretaña 3544,Hualpén,8.0
Jotabeche 3278,Talcahuano,8.0
Los Olivos 110,Penco,8.0
N-45 119,,
Vicente Palacios Lota a 2574 Frutillares,Lota,
parcela 35,,
Morande 322 of 308,,
Zemita,,
Av. Andalue 2736,San Pedro de la Paz,8.0
Av. O'Higgins 3840,,6.0
Balmaceda 180 Sector Arenal,,
Avda Parques de Carriel 5579 casa 33,,
Calle de Servicio Oriente,,
Colonia Bernardo O'Higgins Parcela 43 26,,6.0
Av Colon 4074,,
Gamero 388,,
Libertador Gral. Bernardo O'Higgins N° 648,Concepción,8.0
Francisco Bilbao 593,,
Jaime Repullo 2057,,
Zenteno 1275,Santiago,13.0
Malaquias Concha 680,,
Altos del pajonal parcela7,,
Pasaje 1 Oriente 2403 Parque Lauquen,,
Valencia 1986,Concepción,8.0
Lago Llanquihue 334,Talcahuano,8.0
Calle Larga,,
almirante Latorre 1386,,
Alonso de Guzmán 24,San Pedro de la Paz,8.0
Valdivia 1187,,
Calle Km 14 SN Camino Coelemu,,
Fundo Huerto Bonito Km 1 SN,,
Culaco 430 cerro san francisco,,
Av. del Pescador 59,,
Los Araucanos 585,,
Canelo 301,Talcahuano,8.0
Alameda lib.b.ohiggins 969 of 1101,,6.0
rengo 68,,
poblacion balmaceda calle santa rosa 110,,
Huerfanos 1055 Of 503,,
El rosario 640 chillan viejo,,
Jotabeche 3278 Salinas,,
Cocharcas 125,,
Calle 2 Casa 37 Villa Santo Domingo,,
Sta. Margarita,Concepción,8.0
Ángel Parra 782,,
C. Felipe Camiroaga,San Pedro de la Paz,8.0
Penco,Penco,8.0
Isla Rocuant,,
Las Margaritas 4980 Condores,,
Manuel Rodríguez 302,Talcahuano,8.0
Yungay,,
Juan de Dios Rivera 1757,Concepción,8.0
Gran Bretana 3544,,
Tupungato,,
Condominio 1295,Concepción,8.0
Miguel de Cervantes 57,,
6R9V+3X,Hualpén,8.0
Av ohigggins 3950,,
Pje. Tres La Hélice 46,Talcahuano,8.0
Blanco Encalada 547,,
Ruta de la Madera,,
Los Alacalufes 376,,
Arturo Prat 480,Tomé,8.0
Trumbull 148 Cerro David Fuentes,,
Baquedano 2047,,
Tome,Tome,
Monjitas 550 of 19 Santiago,Santiago,13.0
Camino Internacional Lonquimay km 89,,
C. Real de la Alhambra,,
Valencia,Hualpén,8.0
Pasaje Lago Cisne 216 Portal de San Pedro,,
Badajoz 100 Oficina 1014,,
Anibal Pinto 340 Local 2B,,
Colón 180,Talcahuano,8.0
Cerro Negro,,
Pje. Llanquihue 610,,
Jaime Repullo 1856,,
Barros Arana 1262 - Depto 203 C,,
Jordán Valdivieso 226,,
Av. Anibal Pinto 170,,
Rio BioBio Block 16 Departamento 103,,
Camino el Baticano Lote fs2 requinoa,,
Rinconada de Nos 6,Santiago,13.0
Pje. Veinte 4393,Talcahuano,8.0
Quillay 397,,
Avenida Collao 1371,,
Tomás Delphi 447,,
Parcela 6 Pichillenquehue,,
36 6605680,,
Cra. 4 #7A - 81,,
Jaramillo 1005,,6.0
Blanco Encalada 444,,
Calle 2 Sitio 36 Barrio Norte,,
Pje. 2 385,,
Av Golfo de Arauco B Of B Parque Industrial,,
Km 3 ruta bulnes  quillon,,
Barros Arana 1098,Concepción,8.0
Pasaje cataluna 632 villa espana estacion central,,
Fresia 60,Penco,8.0
Manuel Bulnes 1271,Concepción,8.0
VARIANTE COLLIN 59,,
pasaje rios de oro 838 villa rios del sur,,
Lagunillas Cjón. 675,,
C. Siete,Concepción,8.0
Calle el huemul 6330,,
Los Chonos 178,,
Cocharcas 660,,
P 2 Transversal 323 L San Andres,,
Cam. El Venado Interior 1454,San Pedro de la Paz,8.0
Luis Uribe 3502,Talcahuano,8.0
Rura Q90 Km 9 5,,
Diego de Oro 382 Concepcion,,
Av. Pdte. Jorge Alessandri Rodriguez 1160,,
Patricio Lynch 221,,
Calle Suiza 2250 Cabo Aroca,,
Huépil,,
Hualpén,Talcahuano,8.0
Avda Grecia 906,,
Jaime repullo 2295,,
Putre 1465,Talcahuano,8.0
Las Toscas 1376 L 24 Mzu Villa La pena Coronel,Coronel,
Griselda 46 Santa Leonor,,
San Martín 1312,Concepción,8.0
Patricio Lynch 221,,
Chillán,,
Collao 981,Concepción,8.0
Puerto Natales 931 Diego Portales,,
Costanera Rivera Norte 6800,Hualpén,8.0
Alemania,Hualpén,8.0
Marcela Paz 1623 Santa Sabina,,
Bristol 2546,Hualpén,8.0
Serrano 710,Concepción,8.0
Calle Bio Bio Pasaje 2 Casa 1669 Pobl Baquedano,,8.0
Rio Tolten 5673,Talcahuano,8.0
Isla de Pascua 359 Pobl libertad,,
Villa Ferroviaria 229,,
Brasil 1320,,
San Carlos 635 Santa Leonor,,
Cato,,
Edmundo Larenas 129,Concepción,8.0
Los Coihues,,
Pedro Angulo Novoa 714,Chiguayante,8.0
Castellon 1659,,
Cristobal Colon 2745,,
Av. Vicente Méndez 515,,
Barros Arana 436,,
Puerto Varas,,
Calle 1,Talcahuano,8.0
Luis hermosilla 882 d a-3,,13.0
Villa Ferroviaria 229,,
P.º Dimalow 290,,5.0
Av. Araucana 45,Concepción,8.0
Av. La Dehesa 1822,,13.0
Las Malvas 68,,
Victoria 1260,Concepción,8.0
Lt 4 Parcela Dos Montes SN Nahueltoro Km 8,,
Juan Macaya 1324,Talcahuano,8.0
Riquelme 627,Talcahuano,8.0
Las Rozas 488 Poblacion Michaihue,,
Ruta L 25,,
Yerbas Buenas,,
3930473 Bulnes,,
5 de Abril 160,Concepción,8.0
Avda Apoquindo 5550 1301 A,,
Población la Victoria,Santiago,13.0
Ctra. Panamericana Sur,,
Lourdes,,
Bulnes,,
calle 1 sin numero,,
Collao 190,Concepción,8.0
Anibal Pinto 509,Concepción,8.0
Doctor Barros Borgono 71 Of 1105,,
Río Blanco 1238,,
Las Américas,Hualpén,8.0
Ramuntcho 15,Hualpén,8.0
Calle el Carbon 517 Poblacion Ohiggins,,6.0
Lincoyán 1199,Concepción,8.0
Ruta 5 Sur KM 521,,
Yerbas Buenas 351,,
Diego de Oro 382,,
Altona 3608,,
Ruta 160 km 15- 5,,
Ñuble 711,,
Monte negro hijuela 9 lote 76,,
no,,
Castellón 13,,
Av. Las Industrias 5000,,8.0
Gomez Carreno 5645,,
Jose Manuel Balmaceda 340,,
Manuel Bayón 414,Talcahuano,8.0
Las Brisas 2225,Concepción,8.0
cocharcas 288,,
Km 8.5 sin numero Chillan,,
Kl 21 San Nicolas,,
Grumete Bravo 723,,
Camino Cobquecura Km 1 Quirihue,,
Berlin 824,,
Colon 889,,
Trehuaco 616 Parque Residencial Biobio,,
Los Cerezos 3678,Coronel,8.0
Panamericana Norte 0591,,
Parcela 16 el agial comuna retiro,,
Lautaro 740,Concepción,8.0
Mallorca 1114,Hualpén,8.0
Holanda 100,Providencia,13.0
Victoria 855 Lomas Coloradas,,
Quiriquina,,
La Catana 3811 - 67 Cond La Catana,,
Avda 105 1241 chiguayante,Chiguayante,
Portal de la Luna - Los Tilos,,
Javiera Carrera 131 Lomas Coloradas,,
Brasil 683,,
Sgto. Aldea 1038,,
Millanes 4273 floresta 3,Hualpén,8.0
Alonso de Ercilla 905,,
Anibal Pinto 1835,Concepción,8.0
Libertad 30,Talcahuano,8.0
Av Ejercito Libertador 46,,
Diag. Ote. 635,Concepción,8.0
Av. O'Higgins 1330,,6.0
Monsalves 146 Carampangue Arauco,,
Agustinas 1357,Santiago,13.0
Ocho Nte. 627,Concepción,8.0
Los Lirios 424 Collao,,
Angol 313,Concepción,8.0
Pje 25 4308 San Marcos 2000,,
Sta. Blanca 151,,
Zañartu 235,,
Quilleco 670 Aurora de Chile,,
Colon 3880,,
Av. Pdte. Eduardo Frei Montalva 6115-A,,13.0
Ninquilhue,,
Pasaje 2 casa 4582 Padre Hurtado,,
Joaquin Diaz Garces con Camino a los Angeles villa coihue,,
Las Amapolas 25,,
C. B 176,Concepción,8.0
San Farncisco Lote 1 km 16 Bulnes Concepcion,,
Pullay sn,,
Av. Costanera,,8.0
Kl 15 comino a coihueco,,
Orompello 1333,Concepción,8.0
Las Magnolias 882,Talcahuano,8.0
San Miguel 546,Talcahuano,8.0
Los Yaganes 1542,,
brisa del sol - C. 7,Talcahuano,8.0
Camino Concepcion Bulnes Kilometro 10 5 SN Fundo Chanco,,
Malleco 2000-2084,Concepción,8.0
Progreso 103,,
Génova 2647 Población Armando Alarcón del Canto Hualpén,Hualpén,13.0
Saavedra N 138,,
Caleta Chome 1326 nueva los lobos,,
Ruta 146,Concepción,8.0
Las Golondrinas 1485,,
Camino Santa Rosa KM SN Chanco,,
Nuncio Mons. Sótero Sanz de Villalba 161,Providencia,13.0
fundo el almendro km2 camino  rere yumbel,,
F33X+Q5,,
Volcan Lascar 4214,Talcahuano,
Av. Central,Tomé,8.0
Avenida Latorre 1079,,
Americo Vespucio 444,,
Fundo La Fama Lotes C3y4 S N,,
Volcan Laskar oriente 721 pudahuel,,
Miguel de Cervantes 331 San Vicente,,
Los Araucanos 1581,,
Primera del Nte.,,
Maryland 28,Talcahuano,8.0
Camino a florida,Concepción,8.0
Hijuela 3,,
5 de Abril 298,Concepción,8.0
Los Naranjos 6465,,
El Carmen 1425,Concepción,13.0
Los Nardos,,
Mulchén - Alto Caledonia - Estero Pehuenco 1062,,8.0
Las Brisas Parcela 39,,
Cochrane 1313,,
Isla Sta. María 345,Talcahuano,8.0
Venecia 2857,Talcahuano,8.0
Fresia,,
Río Viejo 477,,
Manuel Barros Borgoño 3465,,
Los Alpes 2797,,
Baquedano 599,Concepción,8.0
Padre Hurtado 176 Foresta Del Carmen,,13.0
Avenida Viscalla 16907 1 LT 01 Pudahuel,,
Camilo a los Tilos KM 13,,
Manuel Montt 310,,
Baquedano 1630,,
Raul  parada 63 chillan,,
Av. Las Industrias 1455,,8.0
Lago Maihue 5468 Villa Arabia,,
Patria Nueva 1069,Hualpén,8.0
Cam. El Alba 11969,,
C. 4 128,,
Avenida Laguna de Curauma 50 Casa 23,,
Avenida Las industrias km 514 Villa Marisol,,
Los Mercedarios 27,,
Rosauro Acuna 387,,
C. 6 305,Hualpén,8.0
Erasmo Escala 772 Chillan Viejo,,
Barros Arana 253,Talcahuano,8.0
Av Cristobal Colon 2831,,
Alejandro Fuenzalida 698 villa mar,,
N-48 7,,
Serrano 370,Concepción,8.0
Río Negro 915,,
Los Molineros 539,,
Linconyan 858,,
Av. Villa Verde 55,Coronel,8.0
San Eugenio,,
Baquedano,Concepción,8.0
Juan Diaz Garces 1852,,
Tucapel 1970,Concepción,8.0
4081371 Concepción,Concepción,8.0
Avda Colon 7199 Poblacion Esmeralda,,
Janequeo 2297,Concepción,8.0
José Santos Ossa 2464,Coronel,8.0
Av. Alameda Libertador Bernardo O'Higgins 340,,6.0
de Concepción a - Autopista 5935,Talcahuano,
Pasaje 11 85 San Eugenio II Etapa,,
Av. Las Torres 42,,
Ñuble Rupanco 024,,
Av. Costanera 6800,Concepción,8.0
Janequeo 2119,Concepción,8.0
C. Balmaceda 202,,8.0
Cochrane 939,Concepción,8.0
Av Pratt 024,,
Predio el Manzano Km 14 Huape,,
Atama 918 Diego Portales,,
Barros Arana 273,Talcahuano,8.0
Panguipulle 0621,,
Pasaje 28 6191 Brisas del Sol,,
Los Conquistadores,Hualpén,8.0
Av. Las Industrias 7215,,8.0
evangelista Torrincelli 1679,,
Los Mañíos,Concepción,8.0
nahueltoro kilometros 2 san Carlos,,
Jorge Alessandri Rodriguez 13059,,
Camino a Cerro Negro Km 7,,
Av. Cristóbal Colón 7216,Talcahuano,8.0
Ambrosio Ohiggins 1810,,6.0
Taira 1033,,
Orompello 178,,
Kilometro 455 Ruta 5 Sur,,
Itata,,
Jaime Repullo 2295,,
Camino a las termas km26,,13.0
C. A 1277,,
Tucapel 965,Concepción,8.0
Llahuimavida oriente km 3.7,,
VICUNA MACKENNA 1150,,
Urriola 87,,5.0
Av. Araucana 1302,,8.0
Los Alerces 869,,
Alonso de Reinoso 252,,
Jaime Repullo 1906,,
Los Yaganes 1718 Monte Redondo,,
Camino a San Nicolas Kilometro 3,,
km 8  el álamo huape,,
Camino a Coronel km 18 Av. Villa Verde,Coronel,
Avenida Saavedra Sur 1355,,
Ramón Freire 368,,
Boldo 207,Talcahuano,8.0
Los Jilgueros 8125 Parque Central,,
C. Almeria 1965,Concepción,8.0
Arauco 270,,
Av javier jarpa sotomayor sin numero recinto,,
Jaime Repullo 3545,Talcahuano,8.0
Jaime Repullo 1794,,
Los Laureles Lote 1 Km 789 Ruta 5,,
Manuel Matta 850 coelemu,,
Castellon 1669,,
Bellavista 1598,Concepción,8.0
Las Malvinas 1115,,
Tucapel 578,Concepción,8.0
Libertad 321,,
Carr. Panamericana Sur,,6.0
Javier jarpa sotomayor 280,,
Ecuador 765,,
Marco Polo 9038,Concepción,8.0
Av Colon 3201,,
Oro verde camino a Portezuelo kl 7,,
San Martin 250,,
Ruta Q-503 Kilometro 0,,
Sepúlveda Bustos 318,,
Arturo Prat 199,Concepción,8.0
Calle Griselda 6380 Villa Santa Maria,,
Valle Andalien  2224 503A Lomas San Sebastian,,
Arteaga Alemparte 8811,Concepción,8.0
8551374 Conchalí,,
Los Mañios 6377,,
Gran Bretaña 3780,Hualpén,8.0
Graneros 191 - El Olivar,,
Carr. Panamericana Sur 48215,,
Arturo Prat 815,,
Hendaya 60,Las Condes,13.0
Montriou 1923 Barrio Norte,,
Calle Colchagua Esq Chimbarongo 7027,,
Cocharcas 288,,
Orella 444,Talcahuano,8.0
Azapa 50,,
Las Violetas 1521,San Pedro de la Paz,8.0
Unnamed Road,,
Las Golondrinas 444,,
San Miguel de Itata,,
AVENIDA ECUADOR 1039,,
Alcalde Campos Carvajal,,
Ángeles 772,,
San Fabián,,
Bilbao 340,,
Tucapel 564 oficina 96,,
Francisco Errázuriz,,
Rio Choapa 62 Denavi Sur,,
Renato Cancino 9078,,
Barcelona 1339,,
Anibal Zanartu 2601,,
Rucapequen,,
lote 1 col B ohiggins lt 1,,6.0
Lautaro 352 coronel,Coronel,
CCI,,
Sicilia 3682,Concepción,8.0
COLONIA BDO OHIGGINS 69 B LOTE 1,,6.0
Fresia 164,Talcahuano,8.0
Quiriquina Chica 0,,
Villa frecia pasaje 6 casa 1107 bulnes,,
Vilumilla 1202,Concepción,8.0
Bulnes 136,Talcahuano,8.0
La torre 72 S curanilahue,,
Av Prat G Don Alonso 1764 12,,
Parcela 16 el ajial el retiro,,
Niblinto,,
Av. O'Higgins 1608,,6.0
Avenida Alemania 684A,,
Los Claveles,,
Colo Colo 51,,
Los Lleuques,,
Orella 53,Talcahuano,8.0
Canteras 3442Villa Dona Rosa,,
Los Manios 510 Villa Renacer,,
Vicesuperintendente Oscar Olivares Ojeda 296,,
Sotelco 1229,San Pedro de la Paz,8.0
Venecia 2991,,
San Martín 655,Talcahuano,8.0
Colón,,
Almte. Latorre 1009,Talcahuano,8.0
Los Ingenieros 947 Parque Industrial,,
Bueras,,
3780355 Chillán,,
Huacamala s/n Quillón,,
Oficina N3 Recinto Portuario,,
Pje. Once 710,,
Ramon Carrasco 206,,
Angela Fonseca 61 Villa los Salinas,,
Sotomayor 406,,
Calle mafuente 619 pueblo seco,,
Cl Llaipen 557,,
San Pedro de la Paz,San Pedro de la Paz,8.0
Pozo Almonte 8950,Las Condes,13.0
CC42+7C,,
Las Violetas 1555 casa 16,,
Camino a Coronel Km 15,Coronel,
Buenos Aires 635,,
Los Lirios 5,,
Camino Concepcion Bulnes K10 5 Fundo Chanco,,
Francisco Bilbao 441-445,,
KM 8 Cam a Sn Javier SN,,
Pablo Neruda 37-a villa santa Rita,,
Villa alegre 896,,
Jotabeche 3696 Salinas,,
Purén 936,,
Manuel Rodríguez,,
Janequeo 595,Concepción,8.0
Domicilio: Exequiel Fernández 210,,
Kilometro 71 Ruta 148 SN Sector Palomares,,
Villa antuco 726,,
Parque de la Madera25 lt  2 Forjadores de chile,,
Libertador Gral. Bernardo O'Higgins 529,Concepción,8.0
Av. Nahuelbuta 1541,,
San Carlos 540 Poblacion Santa Leonor,,
Arturo Prat 199,Concepción,8.0
Gabriela Mistral 104 Casa Esq,,
Chacabuco 140,Talcahuano,8.0
HJ SAN LORENZO,,
Principal 12 Caleta Tumbes,,
El Rosario,,
Manuel Montt 310,,
Chacabuco 358,Talcahuano,8.0
Bernardo O'Higgins Pte. 77,Concepción,8.0
Angol 436,,
Las Golondrinas,,
Gral Venegas 606,,
Avda collin n 883,,
Lientur 1457,,
Elqui 275,Talcahuano,8.0
Caupolicán 101,,
Pje. 14 430,,
lautaro  2165,,
Matta 190,Talcahuano,
Jaen 147,,
Pedro Mayoral 344,,
Heras 284,,
Loncomilla 960,San Pedro de la Paz,8.0
Conumo 126,,8.0
el cabildo 240,,
Pablo Neruda 216,,
Juan Macaya 1324,,
Finlandia 2203,Concepción,8.0
Chacabuco 485 1301,,
Cam. A Nahueltoro,,
Gabriel Toro 334,,
Jaime Repullo 695,Talcahuano,8.0
Calle Ntra. Sra. de las Nieves,,
Colchagua 1048 Diego Portales,,
Ohiggins 1316 501,,6.0
Calle Pemuco 9316,,
Manuel Gutierrez 1437,,
Av. San Sebastián 916,Concepción,8.0
Angela Fonseca 61,,
Arlegui 547 403,,
Sicilia 8032,Hualpén,8.0
Toscania 3620,Hualpén,8.0
Arturo Prat 94,,
13 km from Llifén - Maihue,,
Los Suspiros 50,Tomé,8.0
Antartica 5287,,
Av. Jorge Montt 15,,
Km 9 Las Mariposas Chillan,,
Volcan Osorno 3734,Talcahuano,8.0
Sta. Amelia 281,,
Km 3 sitio 3 sin numero,,
N-77,,
Los cerezos 3678 Lagunillas,,
Los Changos 542,,
Av. Ejército Libertador 46,,
Bernardo O'Higgins Pte. 50,Concepción,8.0
Maipú 301,Maipú,8.0
G66R+74,,
san bernardo 679 fernando may,,
Francisco Bilbao 3070,Providencia,13.0
Direccion Av libertad 1137 of 301 Chillanservido medicos,,
Pasaje Gran Bretana 3780 Pobl Osvalo Munoz C,,
Arteaga Alemparte 8811,,
Los Acacios 363,,
5 DE ABRIL 298,,
Comino a Boyen 841,,
Los Franciscanos 27,,
Anibal Zanartu 2827,,
Av. Jorge Alessandri Rodríguez 2047,Concepción,8.0
Saint Margaret 055,,5.0
1 Sur 948,,
Sector Tricauco SN Santa Juana,,
Los Pirineos 90,,
Polonia 3672,,
Kilómetro 4 las mariposas  Pasaje los Alpes,,
Av Latorre 1195,,
Arturo Prat 390,Concepción,8.0
Camino a Coelemu km 1,,
Fresia 775,Concepción,8.0
Libertador Gral. Bernardo O'Higgins 1186,Concepción,8.0
N-860,,
Patio de Las Terrazas Local 113 Chillán,,
Camino A Huape Km 6,,
Panamericana Norte 1850,,
5 de noviembre 203 zañartu,,
26CW+2F,,
Diputado Marcelo ChAvez 2811 dpto 101 Frutillares,,
Pedro León Gallo 954,,
Aviador Acevedo 521,,
AV. KENNEDY S/N,,
Av. 21 de Mayo,Concepción,8.0
Libertador Gral. Bernardo O'Higgins 770,Concepción,8.0
Ricardo Claro 945,Concepción,8.0
Parcela Interior Cosmito 6,,
Blanco Encalada 701,,
Camilo Henríquez 470,Concepción,8.0
Calle Ejercito 1418,,
Brasil 70 San Vicente,,
Camino a Nacimiento KM 1-2,,
Luis Uribe 3502,,
Sepúlveda Bustos 1071,,
Principal 340,Talcahuano,8.0
San Vicete sn,,
Camino a Coronel Interior 5980,Coronel,
C. Uno 105-147,,
Bilbao 2120,,
Los Pinos Esq Los Sauces 149 Cholguan Estacion,,
Maihue Lake,,
Genoba 1066,,
Paicaví 270,Concepción,8.0
Patagual Nte. 1900,,
Av. Brasil 855,,
Río Renaico 6111,Talcahuano,8.0
Camino Villa Baviera Parcelas las Vegas de Libuy # 15 Bulnes,,
PATRICIO LYNCH 35 2PISO,,
Isabel Riquelme 942,Concepción,8.0
Luis Acevedo 3525,Talcahuano,8.0
Manuel Rodríguez 23,,
1 Norte 797,,
Pasaje El Carmen 1433,,13.0
Avda Arturo Prat 264,,
Pje. Sta. Inés 1773,,
Nueva pontiente 558,,
Pasaje 1 2222 18 Septiembre,,
Secundino Carcamo 215,,
Población wycker calle cristobal Colon 363,,
Pasaje Albert Obres 717,,
Las Mariposas,,
Jaime Repullo 1360,,
camino Concon km 2 Parque Industrial Quintero,,
Felix de Amestica 90 Piso 3,,
Los Aromos pasaje españa 2380,,
Pasaje las vertientes villa nonguen,,
C. Carrera 270,,
Jaramillo 1005,,
Avda San Pedrodel Valle 1905 Casa 17 Condominio Los Arreyanes,,
Italy,,
C. Nueva 7381,,
Benjamin Subercaseaux 319,,
Cochrane 231,Concepción,8.0
Aníbal Pinto 469,Talcahuano,8.0
Jose Miguel Carrera 434,,
Ñuble Punilla,,
Galvarino 147,,
David Gazmuri 250,,
San Martin 553 Piso 2,,
cam. camino chillan-confluencia km 22,,
Manuel Rodriguez 825,,
Andres Bello 113,,
Av Costanera Parcela 9 5800,,
Avenida Manuel Montt 01251,,
Camino Pinto Kilometro 10 Callejon San Nicolas Norte s/n,,
San Martin 533 oficina 704,,
Eugenio Orrego Vicuna 3561 Villa San Marcos,,
Las Violetas 227,Concepción,8.0
Parque de la Madera 30,,
Jaime Repullo 561,Talcahuano,8.0
Las Ágatas 489,,5.0
Talcahuano,Talcahuano,8.0
Libertador Gral. Bernardo O'Higgins 680,Concepción,8.0
Sgto. Aldea 1040,,
Pasaje Huiscapi 242,,
Los Puelches 649 La Gloria,,
Pje. San Mateo 221,,
Héroes de la Concepción 117,Concepción,
O'Higgins,Coronel,8.0
# RUTA Q20 HIJUELA EL MAITEN N1 PTE PERALES CACHAPOAL LAJA,,
Barros Arana 815,Concepción,8.0
Calle Ancahual 544 Cerro San Francisco,,
Villarrica 244,,
Av los puelches 939 población Ramón vinai,,
San Martin 524,,
Calbuco 8122,Concepción,8.0
Diego de Almagro 636,Concepción,8.0
Caupolicán 567,Concepción,8.0
Av. Las Industrias 3265,,
Pasaje 10 1311 405 Vega del Maule,,
Chillan,,
C. de servicio Violeta Parra Sandoval,,
Av. Golfo De Arauco 3638,Coronel,8.0
Arturo Prat 156,,
Badajoz 236 Valle Noble,,
Brasil 510,,
Serrano 653,Concepción,8.0
Au. Panamericana Nte. 269,,
Las Compuertas 1930,,
Reino de Castilla 9427,Concepción,8.0
Camilo a palillo km 2 santa Olga,,
Av del parque 5275 03,,
Sector Cachapoal 1,,
Av. Pedro Aguirre Cerda 548,,
Av. Andrés Bello 2325,Providencia,13.0
Avenida Tucapel huepil 176,,8.0
Radal 587,Talcahuano,8.0
Conquistador sur 450,,
Camino a pata de gallina km 0.4,,
Diego Portales,Concepción,8.0
Conquistadores Norte 70 D 303 Cond Isabel La Catolica,,
Ignacio Carrera Pinto 69 Ramadillas,,
LT 1 B San Luis Pedregal SN Camino Yungay Chol,,
Vicente Palacios 2920,,
Ruta 150 Camino a Penco Km 6 SN,Penco,
Diag. Las Termas 1002,,13.0
Baquedano 1397,,
Patricio Lynch 232,Concepción,8.0
Los Araucanos 525,Talcahuano,8.0
Colo Colo 451,Concepción,8.0
Purén,Hualpén,8.0
Av San Vicente 679 Nueva Los Lobos,,
Sin Factura,,
Riquelme 550,,
C. B,,
El Michay 4194,Talcahuano,8.0
Av. Pdte. Jorge Alessandri Rodriguez 3177,Talcahuano,8.0
Cam. El Aguila,,
Padudo 6971 diego portales,,
Freire 1255,Concepción,8.0
Carlos Condell 715,Penco,8.0
Avda Colon 1038,,
Ramón Carrasco 375,Concepción,8.0
Condominio Industrial Pymes San Luis De Lo Pinto III Cacique Colin 2003,,13.0
Calle 1 casa 3672 villa San Francisco,,
Poblacion Zanartu simon bolivar 1105,,
Av Jorge Alesandri 1480,,
Angol 1710,Concepción,8.0
Los Pinos 186 Carlos Condel,,
O'Higgins 99,Talcahuano,8.0
Primero de Enero 291 Boca Sur,,
Uno Pte. 3425,,
Jaime Repullo 3129,Talcahuano,8.0
Barros Arana 492,Concepción,8.0
Los Maitenes 1105,,
San Martín 639,Talcahuano,8.0
Bajos de Jiménez 2699,,13.0
2 oriente 101 pobl Esmeralda,,
Angol 47,Concepción,8.0
O-66-N,,
Camino San Javier Km 6,,
Av. Sta. María 7450,Hualpén,8.0
ruta n 55 km 43,,
Lote 17 bella vista chillan,,
Orella 444,,
Los Notros 449,Talcahuano,8.0
LucumavidaSur SN,,
San Martin 553 Of 901,,
Pje. Cerro Barón 92,,
Las Almendras 4291,Talcahuano,8.0
Talcahuano,Talcahuano,8.0
Schleyer 150,,
Camino a Santa Juana KM 27,,
Av Golfo De Arauco 3658,,
Libertador Gral Bernardo 680 A 230,,
Errázuriz 3269,,
Las Araucarias 2151,Chiguayante,8.0
Cerro Colorado 5858,Santiago,13.0
Anteres 3 Villa Los Radares,,
Ejercito 1587,,
Patricio Lynch 215,,
sector piulperia kl 28 ruta 146 cabrero,,
Los Yaganes 1786,,
784C+Q5,,
Corral 8122 Lan C,,
avenida central 146 sector hornos calero,,
Raúl Parada 63,,
Libertad 739,,
Gral. Novoa 415,Concepción,8.0
RUTA N 97 KM 2 LT B 4 SECTOR MONTECRISTO,,
Av. O'Higgins 3630,,6.0
Tarragona Norte 2127 lt 39 mze 4 valle noble,,
Juan Antonio Ríos 801,Talcahuano,8.0
Bahia san vicente 678 nueva los lobos,,
Joaquín Prieto 61,Concepción,8.0
Río Chillán 1335,,
Gral Cruz 1279,Concepción,8.0
Las Rosas 1147,,
San Ramón kl 5 parcela el granodo,,
Noruega 1340,Hualpén,8.0
Camilo Mori 988,,
El rosal Kilometro 27,,
Taucu,,
Anibal Pinto 469,,
Sgto. Aldea 542,,
Argentina 79,Talcahuano,8.0
Calle Victoria 1059,,
Pp San Luis Cerrillos PC 1 LT B Diguillin,,
Maipú 414,Maipú,8.0
Av Las Camelias 1194 Villa Los Girasoles,,
Colon 1699,,
Jerusalen 346 lomas coloradas,,
Badajoz Sur 200,Hualpén,8.0
Volcan Chillan,,
El Quillay LT. 1,,
Ejército,Concepción,8.0
El Quilquil 4619,Talcahuano,8.0
Av. Andrés Bello 2777,Las Condes,13.0
Brasil 559,Talcahuano,8.0
Ecuador 281 San Vicente,,
Camino a Huape km9 Chillan,,
DIEGO PORTALES 178 CHILLANCITO,,
Hualpén,Hualpén,8.0
Dieciocho de Septiembre,,
Manuel de Salas,,
Calle Doce 559 Con Con,,
Avda Forestal 1109 Parque Industrial,,
Manuel Bulnes,Concepción,8.0
San Martin 553,,
Talcahuano,Talcahuano,8.0
Av. Andalue 2737,San Pedro de la Paz,8.0
Albacete 730,Concepción,8.0
Chillán,,
FUNDO EL SAUCE  HIJUELA 3,,
Seis Sur 319 P Lynch H,,
Talquipen,,
sn,,
Alonso de Ercilla 92,,
Esmeralda 74,,
Arturo Prat 306,,
Camino antuco kilometro 16,,
Rodrigo de Triana 536,,
Cra. 49,,
Los Eucaliptus 3927,Talcahuano,8.0
El Boqui 238 Huachicoop,,
Zapallar,,5.0
Álvarez de Toledo 771,,13.0
Nuble Rupanco 569,,
El Roble,,
Los Olivos 288,San Pedro de la Paz,8.0
Constitución 846,,
Av. Los Carrera 1420,Concepción,8.0
3840313 San Carlos,,
Arturo Prat 264,Concepción,8.0
Anibal Pinto 472,Concepción,8.0
Cholguan Norte S/N,,
Freire 660,,
Schuyler 120,Talcahuano,8.0
Las Violetas 42,Concepción,8.0
Av. Sta. Fe 3253,,
Ones de Loyola 27,,
Avenida Santa Maria 2652,,
Gabriel Toro 334,Talcahuano,8.0
Los Paltos 2769,,
Pedro Montt 52 San Vicente,,
San Ignacio 35,,
Juan Valiente 119,San Pedro de la Paz,8.0
Av las violetas 646 Pueblo Seco,,
El Roble 2164 Laguna Redonda,,
Valle del Sur 3229,,
Senda Cinco,Concepción,8.0
Caupolicán 246,Concepción,8.0
Av. Mariscal Ruiz de Gamboa 1290,,
Matta 100,Talcahuano,8.0
Av. Andalién 299,Concepción,8.0
H6PF+VM,,
Jaime Repullo 375,,
Colo Colo 261,Concepción,8.0
Los Sanhuezas 28 St 14 Aldea Los Sanhueza Null,,
Dieciocho de Septiembre 525,,
O'Higgins 380,,6.0
Variante Kato KM 3 Parcela 16,,
Gamero 680,,
Maipón 408,,
Los Ceramistas 8640,,13.0
Camino Las Trancas 1793,,
Gran Bretana 3114,,
Colton Quillay km 1.5,,
Freire 1415 Of 301,,
Camino Cerro Colorado Km 2  5,,
Av. Luis Thayer Ojeda 0115,,
Chacabuco 37,,
Libertador Gral. Bernardo O'Higgins 1186,Concepción,8.0
Almte. Latorre 1195,Talcahuano,8.0
C. LL 1201,,
Serrano 198,Talcahuano,8.0
Los Acacios 56,Concepción,8.0
av. las violetas 646 San Ignacio,,
Jotabeche 3395,,
Sgto. Aldea 28,Talcahuano,8.0
Exeter,Concepción,8.0
Fray Bartolome Pozo 372 Unid 21 Cond N 1 Lo Galindo,,
Esmeralda 0346,,
Los Lobos 1445,Talcahuano,8.0
Guillermo Velasco 287,,13.0
Veinte de Agosto 1299,,
Panamericana Norte 18900,,
Echevarria 324 Gaete,,
Ongolmo 1304,,
Barros Arana 492 Oficina 78,,
Samuel Banbach 364,,
Avda Argentina 223 San Vicente,,
Riquelme 550,Talcahuano,8.0
Los crisantemos,,
FUNDO SAN JUAN PARCELA 6,,
SN Jose Palomares LT 38 del LTB,,
Quinel Sur 2484,San Pedro de la Paz,8.0
gasmuri 737,,
Km 5;4 cam a Yungay. Sin  numero,,
Pasaje rupanco 400 andina 3 el bosque,,
Parque industrial Curanilahue lote 6,,
Tegualda 860,Concepción,8.0
Pasaje Rio Blanco 2067 PB S Allende,,
Manten 151 Las Higueras,,
Pristina 2340 Patricio Aylwin,,
Av. Ossa 235,,13.0
Huambali 50,,
Ramadillas de Lircay 3380,,
Ruta 43 901,,
navarino 01170 interior,,
N-59-Q,,
Diego de Almagro 7,Concepción,8.0
Malaquías Concha 747,Talcahuano,8.0
Isla del Rey,,
Cochrane 939 Departamento 3,,
Rengo 68,,
Tucapel 564,Concepción,8.0
Autopista 6350,,
Juan de La Cruz Tapia 215,,
Av. 2 Sur 1000,,
Pasaje Santa Graciela 716 Villa San Carlos De Dinahue,,
Cerro El Plomo 5931,Las Condes,13.0
Los Alacalufes 376,,
Octavio Jara Wolf 96,,8.0
Evangelista torricelli 1679,Talcahuano,8.0
Avda Forestal 1101 Parque Industrial,,
Manuel Bulnes 1131,Concepción,8.0
Avda 21 de Mayo 51,,
Esperanza 587,Chiguayante,8.0
Barbosa 1273,,
Av Vitacura 2771,Las Condes,13.0
4130000 Talcahuano,Talcahuano,8.0
Lote 19 las cabras kl 10 camino a coihueco,,
Ruta 090 Km 2 Laja,,
O-565,,
Av. Latorre 399,,
Castellón 1659,Concepción,8.0
Francia 236 Gaete,,
Thomas somerscales 116,,
Rosal bajo km 21 pinto,,
Av. Pdte. Jorge Alessandri Rodriguez,,
Costanera 923,,
Maipu 13,,
Sor Teresa de Los Andes 1404,Concepción,8.0
Las Violetas 42 Collao,,
Av. Héroes de la Concepción 255,Concepción,
Volcan Osorno 3421 San Marcos,,
Los Vascos 1809 Parque Residencial Bayona,,
Avda Almirante Latorre 1099,,
Los Maitenes,,
Egaña 248,,10.0
N-59-Q 45,,
Acceso A Camino A Cato,,
Alicante 206 LT 18 Mzb 2 Valle Noble Concepcion,,
El Guanaco Santa Alicia lote C,,
LOs Tilos 1159,,
LIMARI 1813 NUEVA RIO VIEJO,,
Avenida Autopista 6930,,
Barros Arana 3171,Concepción,8.0
Villa el sol calle nuevo amanecer 1025,,
Arturo Prat 259,,9.0
Av. 21 de Mayo 2702,Concepción,8.0
Germán Riesco 3329,Talcahuano,13.0
Gral Cruz 484,Concepción,8.0
San Martín 553,Concepción,8.0
romeral sn hijuelas,,
Alto Horno 385,Talcahuano,8.0
Chillan,,
El Manzano LT B-1 Lloicura,,
Molo de Abrigo S/N FF 05,,
Gral. Cruz,,
Manuel Rodriguez 493 caleta el morro,,
Camino parque lantaño,,8.0
Isla Juan Fernández 414,Talcahuano,8.0
Manuel Rodríguez 475,,
Cam. A Caleta Tumbes 47,Talcahuano,8.0
Aníbal Pinto 85,Talcahuano,8.0
Calle Santiago 255 Cerro Zaror,Santiago,13.0
Juan Macaya 70,,
San Jose 130,,
Los Maitenes 549,,9.0
Ruta 5 sur km 351 parral,,
Cipriano Medina 1083,,8.0
Isla Apiao 761,Talcahuano,8.0
Uno Nte. 797,Concepción,8.0
San Pedro de la Paz,San Pedro de la Paz,8.0
Colon 3188,,
Ruta 5 Sur Km 789 Fundo los Laureles,,
pasaje lago yelcho 221 Lote 950 portal San Pedro,,
Colón 1115,Talcahuano,8.0
Santiago Watt PJ M Lizama 211,Santiago,13.0
Quilleco,,8.0
Baquedano 2128,,
Volcan osorno 4758 villa bahia,,
Américo Vespucio 464,Talcahuano,8.0
Julio Lamas 66,,
Panamericana Norte 570,,
Luis Acevedo 3960,Talcahuano,8.0
Grecia 906,Hualpén,8.0
Jaime Repullo 860,,
Anibal Pinto 978,,
N-59-Q 268,,
Mons Alarcón 195,,
Almte. Latorre 953,Talcahuano,8.0
Av. Las Industrias Pedro Stark Troncoso #1015,,
Sanders 200,,
Pedro Aguirre Cerda 509,,
Palermo 504,,13.0
Pangalillo Lote 1 Sitio 14,,
Constitución 113,,
Galvarino 2018,Concepción,8.0
Jaime Repullo 3065,Talcahuano,8.0
Villa primera pasaje Gabriela mistral 105 chillan viejo,,
Km  20 camino a Coihueco,,
Leucotón 398,,
Gral. Cruz,,
Av. Alemana 123,Concepción,8.0
las pataguas sn portezuelo,,
Argentina 1,,
Jaime Repullo 2295,Talcahuano,8.0
Coihueco,,
Au. Panamericana Nte. 582,,
Antonio Varas 376-574,Concepción,8.0
Ejercito 435 Don Cristobal 301,,
Los Castaños 6665,San Pedro de la Paz,8.0
Parcela 11 Fundo Monterico,,
Parcela 15 San Antonio Cato Km,,
O'Higgins 798,,6.0
2 Oriente 497 Leandro Moreno,,
Lt 3 hj 2 Pc 15PP la victoria,,
Jaime Repullo 860,,
Manuel Bulnes,,
Jaime Repullo 1234,Talcahuano,8.0
Suecia 2570,,
Los Araucanos 1216 La Gloria,,
Los espinos parcela 39 coihueco,,
Caracol 790,Tome,8.0
Los Castanos 28 Camposanto,,
Fundó San Joaquín parcela 31,,
Chanarcillo 650,,
Serrano 34,Santiago,13.0
La Greda 1127 caleta del Medio Coliumo,,
Caburgua,,
Rengo 68,Concepción,8.0
Arturo Prat 616,Concepción,8.0
Río Pilmaiquén 5341,Talcahuano,8.0
Santa Maria 112 Casa 20 Cond Dona Florencia,,
Ignacio Serrano 570,Penco,8.0
Cam. A Cape,,
Parque Industrial - Calle Tres,Concepción,8.0
Cristóbal Colón 108,,
4300818 Talcahuano,Talcahuano,8.0
Antonio Varas 1101,Concepción,8.0
Avda Quirihue SN,,
Parq Ind Escuadron 2 Km 17 5,,
Quilacura,,
Pellumenco 1545,,
Chillán,,
El Sauce 831,,
Aníbal Pinto 340,Talcahuano,8.0
Av. Alemania 684,,8.0
Portal Industrial KM 14 Ruta 160 LT 4,,
Arturo Prat 390,Concepción,8.0
Juan de Dios Rivera 1675,Concepción,8.0
Patricio Gonzalez 19 Villa Alfaro,,
Ruta 180 km 23,,8.0
SERRANO 370,,
4081092 Concepción,Concepción,8.0
Cerro Colorado 5240,Las Condes,13.0
Parcela 26 lote B,,
Anibal Pinto 509,Concepción,8.0
Conde de La Conquista 182,Concepción,8.0
P4HF+4J,,
Griselda 445,Talcahuano,8.0
Jaime Repullo 2330,,
Anibal Pinto 372,Concepción,8.0
Santa Catalina de Siena 272,,
Pasaje 4 4190 Los Notros II,,
Puerto San Vicente 1372,,
Arboleda 88 Departamento Lote 304,,
Camino a Cape s/n,,
Km 09 Lote Q Camino Lo vargas,,
Av. Ecuador 11,,
Pasaje Degas 113,,
Panamericana Ruta 5 Norte parcela 8 KM 4 Chillan,,
Av. Lo Ovalle 533,,13.0
Albert Olbrecht 3363,Talcahuano,8.0
Bogota 578 Parque Las Americas,,
Dieciocho de Septiembre,Talcahuano,8.0
RIO VIEJO 861,,
Juan Martínez de Rosas 1296,,
pasaje los chanares 583 villa los alpes,,
Talca,,
Av. Araucana 1193,,8.0
Los Ingenieros 947,Coronel,8.0
Camino A Coihueco KM 4,,
ARTURO PRAT 196,,
Avenida Las Industrias 7215,,
Juan Paulino Flores 310,,
4080319 Concepción,Concepción,8.0
Freire 660,Concepción,8.0
Marcella 1813,,
Los Notros 562,,
Baquedano,,
Caracol 190,Concepción,8.0
Calle Principal 10 Caleta Tumbes,,
Benavente 511,,10.0
David Fuentes 295,Talcahuano,8.0
Algarrobo 3667 Santa Cecilia,,
Camino a Lirquen 145 penco,Penco,
Villa Martín luis de gamboa  174 chillan,,
E Barboza 262,,
Av. Costanera 9781,Hualpén,8.0
Chimbarongo 7027,,
Quelentaro 1068,,
Shangri-La Interior,,
Venecia 333 Santa Clara Salinas,,
Rio Manso 587,,
Yungay 396,,
Camilo Henriquez 166 Cerro Buena Vista,,
Sitio 8 p. p  El Carmen Santa Clara,,13.0
Doce de Febrero 526,,
Barros Arana 492,,
Dos Pte. 7076,Talcahuano,8.0
LA GREDA 1037 COLIUMO,,
Sarmiento de Gamboa 846,,13.0
Parral,,
Quinta las Rozas sin numero,,
Lorenzo Arenas 184,Concepción,8.0
Los Limoneros 3892,Talcahuano,8.0
Montecillo kl 2.3 san Carlos,,
La Unión 503,Concepción,8.0
Rafael Miranda 17,Concepción,8.0
Sgto. Aldea 115,,
Av Andalien 424 Arenas del Bio Bio,,8.0
Jorge Herrera 713,,
Arauco,,8.0
Veintiuno de Mayo 51,,
PC2 IT FDO LOS MAITENES S N,,
Los dominicos las arboledas 301,,
Calle los Pinos 104,,
Cancha de los Litres,,
4260219 Talcahuano,Talcahuano,8.0
3800771 Chillán,,
Américo Vespucio 280,,
N-353,,
Ohiggins 437,,6.0
Pullay,,
Av. Los Carrera 27,Concepción,8.0
Pje. Veintiuno 2274,Concepción,8.0
Av Jorge Alessandri 5001,,
Manuel Rodríguez 825,,
La Espiga 857,,
Florida,,8.0
Camino el Sur 488,,
Guillermo Cox,,13.0
Volcán Tacora 462,Talcahuano,8.0
Av. O'Higgins 2484,Chiguayante,8.0
Pje. Ocho 204,Concepción,8.0
Av. 3 Poniente 245,,
Uno Pte.,Concepción,8.0
Manuel Bulnes 1637,Concepción,8.0
Edgardo Pereira,,
Los Cardenales,,
Cerro Negro,,
El Rodeo 433,,
direccion test3 Atacama Copiapo,,
Diego Portales 350,Concepción,8.0
Avellano,Concepción,8.0
Almte. Neff 270,Talcahuano,8.0
D quiroga 83 lirquen,,
Lautaro 181,,
Salomón Sumar 3420,,13.0
Francia 25-99,,
Camino a Nacimiento Km 7 sn,,
Av. Brasil,,
Los Naranjos 104 Villa el Aromo,,
Los Naranjos 104 Villa El Aromo,,
Psje 36 Casa 382 Brisas del Sol,,
Exequiel Larenas 579,,
Independencia 2475  B,,
San Alberto Magno,,
Walker Martínez 671,,13.0
Anibal Pinto 205,Concepción,8.0
Agua Marina 730,,
Av. del Parque 5339,,13.0
Calle 8 casa1077 San Marcos 2000,,
Av. Gran Bretaña 5271,Hualpén,8.0
CAROL URZUA 234 GENERAL PARRA,,
Bulnes 495,,
Vicuña Mackenna 1150,Concepción,8.0
San Ignacio,,
Costanera Rivera Norte 6800 Sitio 6 Parcela 6,,
Kilometro 5 Camino Santa Juana,,
Av. Las Industrias 1245,,
Av. Cristóbal Colón 4074,,
SARGENTO ALDEA 1091,,
Jaime Repullo 574,,
Marco Polo 938 modulo 11,,
Cam. El Venado 560,San Pedro de la Paz,8.0
Av. Forestal 929,Concepción,8.0
Balmaceda 776,,
Los Notros 284,,
Ebro 2705,,
Veinte de Octubre,,
Av ohigggins 1708,,
Geronimo de la vega 1350,,
Villa Baviera,,
Libertador Gral. Bernardo O'Higgins 1295,Concepción,8.0
Rafael Jaramillo 1005,,
Av. 21 de Mayo 3225,Concepción,8.0
Thomspon 42,,
CENTRAL NUBLE RUPANCO 24,,
Yugoslavia 1896,Concepción,8.0
Orompello 1153,Concepción,8.0
Isla Campana 387,,
Profesor Carlos Porter N 8 Oficina 202,,
Rene Schneider 543 Lomas Coloradas,,
Av. Alameda Libertador Bernardo O'Higgins 42,,6.0
Transportes Lamar 1621,,
San Joaquín,Santiago,13.0
Cam. Nueva Los Lobos 1325,,
Caupolicán 1490,,9.0
Pasaje Volcan Villarrica 100 Jorge Alessandri,,
Florindo Lagos 517,,
Villa Rios del Sur - Av. Reino de Chile s/n,,
Av. Gran Bretaña,Hualpén,8.0
Anibal Pinto 1649,,
Latorre 1291 San Vicente,,
Camilo Henríquez 2222,Concepción,8.0
Ongolmo 2155 b,,
San Martín 553,Concepción,8.0
Emilio Rodríguez 751,,
Coihueco,,
Jaime Repullo 828,,
Constitución 681,,
4RVR+R2,,
Prof.ª Amanda Labarca 124,Santiago,13.0
4280708 Talcahuano,Talcahuano,8.0
caupolican 365,,
Parcelas celinas pasaje Emilio Km 4 camino a Huape Chillan,,
Fundo santa eloisa Hualpén,Hualpén,
Avenida Las Industrias 2360,,
Max Jara 2436 Santa Sabina,,
La Divisa 1100,,
Los Castanos Lote 2 Cholguan Norte,,
Antonio Varas 95,,
Lientur 669,Concepción,8.0
Cerro El Plomo 5420,Las Condes,13.0
Ángeles S/N,,
Los Aromos P Central 44 ST 24,,
Alonso de Córdova 6008,,
Pasaje del Bosque Sur 1460 Bosque Mar,,
1 Poniente 123 oficina 411 Viña del Mar,,
Los Alpes 2797,Concepción,8.0
Manuel Bayón 313,Talcahuano,8.0
Alonso de Ercilla 468,,
Arlegui 263,,5.0
Los Lingues,,
Darío Bastías,,
Los Militares 5001 of 501 Las Condes,Las Condes,13.0
pasaje central 242 villa gabriela mistral,,
Fundo Tacalcura LT 3B S N Ruta 5Km417 Rucapequen,,
1 norte 461 of 703 vina,,
Caupolicán 321,Concepción,8.0
Panamericana Norte 18900,,
Parlamento de Negrete 47,San Pedro de la Paz,8.0
Pasaje 14 casa 394 Brisas del Sol,,
Juan Macaya 65 San Vicente,,
España 205,,
BARROS ARANA 273,,
Blanco 1199  Piso 9,,
Acceso Cosmito Parcela 6 Lote B,Concepción,8.0
Salas 548,,
O'Higgins 1544,Hualpén,8.0
Víctor Lamas 401,Concepción,8.0
Volcan Nevado 1533 Jardin oriente,,
Av. Chile 77,,
Ercilla 53,Talcahuano,8.0
Parcela los peumos litral sn,,
Dr. Manuel Barros Borgoño 110,Providencia,13.0
AV Portal Libertador 357,,
Lote 13 Predio Los Placer SN,,
Miraflores,,
Lincoyán 110-198,,
Barros Arana 492,Concepción,8.0
Ercilla 53,,
Angol 1044,Concepción,8.0
Bernarda Morin 633,Concepción,8.0
Chacay,Hualpén,8.0
4603017 Hualpén,Hualpén,8.0
Lira 2320,,
Fresia 948 Llacolen,,
Ramón Carrasco 52,Concepción,8.0
Av Ohigggins 2436,,
Argentina 203,,
Colon 1699,,
El Maitén 002,,
Castellon 13 A,,
Concepción,Concepción,8.0
Parque Industrial la Madera sitio 70 y 80,,
Av. Las Golondrinas 922,,
Colón 3260,,
El Quillay,,
Almte. Latorre 1099,Talcahuano,8.0
Ejército 650,Concepción,8.0
Lazareto  7,,
Autopista Concepción - Talcahuano,Talcahuano,
Martinez de Rosas - Juan Martínez de Rozas 380,Concepción,8.0
Canelo 400-448,Talcahuano,8.0
Almte. Latorre 1291,Talcahuano,8.0
Pasaje Nevuco 589,,
Pilpilco 1154 La Floresta 2,,
Veintiuno de Mayo,,
jaime repullo 2047,,
Avda Santa Maria 7450,,
Avda. Collao 1202 Casilla 5-C,Concepción,8.0
Avenida 3495 Sector Las Salinas,Talcahuano,8.0
Colón 1038,,
Las Lilas 1141 Conjunto Pre Cordillera,,
Los amariles sin número pueblo seco,,
Marina Del Rey 1119,,
Calle Errazuriz Salinas 3345,,
Av. Las Acacias 02500,,
Pérez Rosales 640,,
Las Mercedes HJ Sur SN,,
Dario Bastias 5342 Villa Perales,,
Cam a Huape Km 9 Parc 36 Lote B,,
Av. Julio Hemmelmann,,
Los Cipreces 33 Villa Nonguen,,
ANGEL PARRA 782,,
Minas del Prado,,
3792407 Chillan,,
San Martín 553,Concepción,8.0
Av. Chacabuco 831,Concepción,8.0
Río Viejo 805,,
Isabel Riquelme 579,,
Caupolicán 946,Concepción,8.0
Arzobispo Larraín Gandarillas 119,,
Talcahuano,Talcahuano,8.0
Calle San José 128,,
Ruta el Conquistador Km 1,,
Beaucheff 241 Arenal,,
Jaime Repullo 874,Talcahuano,8.0
Cato 574 Cardenal Silva Hernandez,,
Argentina 950,,
Santa Margarita km 13 Sn Camino A Chaimavida,,
Avda Libertador Bernando O´higgins 340,,
German Riesco 3329,,13.0
Lautaro 1097,,
Los Castaños,,
Juan Macaya 11 San Vicente,,
8 Oriente 2274 Pobl Los Boldos,,
Agustinas 1022 530,,
C. Parral,,
Manuel Barros 3445 Las Salinas,,
Itata 808,,
Quilelto sin número,,
Aviacion 6981 Patricio Lynch,,
Rengo 1410,Concepción,8.0
Lincoyan 1159-B,,
Augusto Goecke 228,,10.0
Av. José Joaquín Pérez 4505,,13.0
Lago Llanquihue 334,,
Avenida Pajaritos 3067 Paradero 17,,
Los Cipreses 162,Penco,8.0
Av. Bernardo O'Higgins 194,,5.0
Conde de Maule,,
km 10 camino huape,,
Colo Colo 1167,,
Rancho RM Ruta 5 Sur km 521  San Carlos Puren,,13.0
2XH7+JG,,
Yungay,,
Barron Vieyra Sitio 10A Camino la montana,,
Boyen,,
LOS PALTOS  2769,,
arturo prat 1675,,
Quilmo Bajo,,
Pje. Vista Bella,,
Los Manzanos 30,,
Talcahuano,Talcahuano,8.0
Villa Verde Hijuela 81,,
Martínez de Rozas 640,Talcahuano,8.0
Lo Barnechea 1801,,
Cam. A Coihueco 2,,
Ñuble 345,,
Pinares 10,Chiguayante,8.0
Janequeo 175,,
Calle Dos 1995 Villa Simon Bolivar,,
PARCELA LOTE B 26 COLONIA B,,
Quinel Sur 2484,,
Isla Santa Maria 345 Libertad,,
C. Nueva 1 172,,
LOS CARRERA  1420 A,,
Villa doña violeta Chillán,,
Av. Apoquindo 3885,Las Condes,13.0
Fresia 217,Talcahuano,8.0
Enrique Soro 2152,San Pedro de la Paz,8.0
Cosmito,Concepción,8.0
Los Naranjos,Concepción,8.0
Av. El Bosque Nte. 0177,Las Condes,13.0
Flores Millan 1630,,
Merced 839,Santiago,13.0
Av. Cristóbal Colón 6742,Talcahuano,8.0
56,Coronel,8.0
Av Golfo de Arauco 3649,,
El tejar pasaje 3 poniente casa 11,,
San Ignacio de Loyola 4850,,13.0
San Pablo 6310 B Lo Prado,,
4090886 Concepción,Concepción,8.0
Avenida Gran Bretana 3074,,
Avda Los Notros 2470,,
El Cerco 181,San Pedro de la Paz,8.0
Edmundo Larenas 129,,
Alto Horno 190,Talcahuano,8.0
Av Ramuntcho 363 Coop Indugas,,
Población Santa Elvira - C. Republica 450,,
Caupolicán 49,,
Cobquecura los maquis bajo s/n,,
Felix Eicher 137,,
Dublin 2983,Hualpén,8.0
Caldera 7204,,
Pedro de Valdivia 10,,
Av. Las Industrias,,
Jaime Repullo 485,,
Griselda 565,Talcahuano,8.0
Los Peumos litral lote 15 s/n,,
Los Industriales 972 Parque Industrial,,
Av. Las Industrias 3265,,
Malleco River,,9.0
Av. Chacabuco 906,Concepción,8.0
Enrique Torres Cuevas 305 villa Padre Hurtado,,
Las Trancas 1793,Concepción,8.0
Bombero Núñez 181,,
Huerfanos 1147 Of 640 santiago,Santiago,13.0
Michimalongo 4809 Las Canchas,,
Poblacion zañartu simon Bolívar  1105,,
Almirante Latorre 1111 San Vicente,,
Avda del Pescador 59,,
20 DE AGOSTO 298,,
Av. Libertad 693,,
Los Jardines 924,,13.0
Av. Alameda Libertador Bernardo O'Higgins 1302,Santiago,13.0
Chacabuco,,
Avenida Nueva Providencia 1881 oficina 1201,Providencia,13.0
Av. Padre Alberto Hurtado 470,Concepción,8.0
Violeta Parra 168,,
C. Tres Nte. 260,San Pedro de la Paz,8.0
C. la Roda,Hualpén,8.0
Avda Julio Hemmelmann 711,,
Ruta 150,Penco,8.0
Huerto Bonito PC LT A1,,
Pob. Ciudades de chile Calle Puerto Montt  1521,,
Andres de Fuenzalida 22 704,,
Km 7 camino a yungay,,
Patria Vieja 204,Hualpén,8.0
Av. Laguna Redonda 2970,Concepción,8.0
Av. Curanilahue 20,Hualpén,8.0
Santa Marta lote 8 Ranquil,,
Diag. Las Termas 2070,,13.0
La Divisa 0340,,13.0
Estación Lanalhue,,8.0
Jaime Repullo 874,,
Alcázar 199,,
Rengo 175,Concepción,8.0
Cam. El Venado 580,San Pedro de la Paz,8.0
Rodrigo de Triana 170,,
Volcán Lascar Ote. 721,,
Villa dan Esteban calle horizonte 169 chillan viejo,,
Matta 100 Scctor Arenal,,
Los Avellanos 3416,Coronel,8.0
Enrique Soro 505,Concepción,8.0
Galvarino 1671 Barrio Norte,,
San Pedro de la Paz,San Pedro de la Paz,8.0
Calle 5 numero 1024 Carlos Gonzalez Maule,,
385 PASAJE 2,,
Gómez Carreño 3201,Talcahuano,8.0
Gómez Carreño 5645,,
Ruta 5 Sur km 410,,
brasil 515,,
Buin 898,,
Avenida Central LT 21-A,Coronel,
villa manuel calle san felipe 1709,,
Barros Arana 423,Talcahuano,8.0
Camino a Cerro Negro km 7,,
Camino Santa Laura Km 1 Lote B4 Rarinco Natre,,
Av. Las Industrias 4930,,
los alamos 2 2398,,
Unnamed Road,,
Francisco de Paula Perez sin Número,,
Almte. Latorre 152,Talcahuano,8.0
Pasaje nublen 485 11 de septiembre,,
Orellana 74,,
Av. Michimalonco 1133,Concepción,8.0
Psje 12 193 San Eugenio,,
Yungay,,
Camino Pinto Kilometro 7 SN,,
Mapocho 1432 1311,,
Chacabuco 358,,
Pje. Bustamante,,
C. 5 2666,,
Independencia 113 A,,
Gran Bretaña 3114,Concepción,8.0
Arica 720,,
Avda golfo de arauco 3668 Parque Industrial,,
Ensenada Taihuen 1359,Talcahuano,8.0
Sta. Elvira 402,Santiago,13.0
Tomás Thayer Ojeda 746,,
Arturo Prat 196,Concepción,8.0
Ruta 160 - Km 17.5,,
Pje. Siete,Hualpén,8.0
Manuel Montt 360,,
Vicuña Mackenna 1840,,9.0
Arenas Blancas 110 Sector Maule,,
Avda Forestal 948,,
Alonso de Ovalle,Concepción,8.0
Calle Golf Block 2776 dpto 23,,
Jaime Repullo 755,,
Arteaga Alemparte 8851,Concepción,8.0
OHiggins 770 local 33,,6.0
Fundo EL Retamo,,
san carlos,,
Las Golondrinas 444,,
Sta. Inés 1430,,
Badajoz 1996,,
Los Notros 2470,Concepción,8.0
Los Castanos 777,,
Los Hualles 405,,
Av. Vicuña Mackenna 322,Providencia,13.0
Cocharcas 25,,
Luis Aravena 1170 Villa San Esteban Chillan Viejo,,
Juan de La Cruz Tapia 189,Talcahuano,8.0
Avenida Presidente Frei 027,,
Latorre,Concepción,8.0
Rotonda Hualpen,,
Avenida Jorge Alessandri,Concepción,8.0
Los Perales,,
Meli 3336 L 16 MZ 10 Juan Valenzuela Coronel,Coronel,
Serrano 238,Concepción,8.0
Lemuy 4330,,
Los Mañíos 401-599,Penco,8.0
Parcela Buena Vista Lote 2A,,
Camino a Huepe KM5,,
Ñiquén,,
Pasaje 1 Casa 1665 Brisas Del Mar,,
Las Ilusiones 433 Michaihue,San Pedro de la Paz,8.0
Camino a San Antonio km 5.5 praderas del. Cardal,,
Los Maquis Km 3,,
Canas 315 11,,
vicuña makena 0172,,
PJ ISLA PUDUGUAPI 4282 ANDES DEL SUR,,
Calbuco 8122 Lan C,,
Parcela B 1 Calle Cancal Quillon,,
Avenida GTE Tellez SN Isla Quiriquina Base Naval,,
Griselda 539  poblacion santa leonor,,
Angol 1624,Concepción,8.0
San Carlos 176,Talcahuano,8.0
J REPULLO 2026 H FAMILIARES NULL,,
Briceno 1995,,
Las Amapolas 19 Los Condores,,
Maipu 681 el carmen,,13.0
El maiten sitio 22,,
Comuna de - Av. Sta. Maria 685,,
Manuel Gaete,,
Puente Ńuble,,
Autopista 6750,,
El Chagual 159 Villa San Martin,,
Tucapel 2219 Cerro Frutillares,,
Almirante Neff Norte 255 La Cisterna,,
Parcela 2 SN Sector Curali,,
Punta Carrizal 1321,Talcahuano,8.0
Valdivia 1291 Local 3,,
Isla Campana 87,Talcahuano,8.0
Oceano Pacifico 3588 Parque Industrial de Coronel,Coronel,
Pasaje 74 1277 San Pedro de La Costa,,
Pasaje 1 Casa Poblacion la Gloria,,
Huambalí 50,,
Las Lajuelas,,
Germán Riesco 2669,Talcahuano,13.0
Sinforiano Ossa 555,,
Coihueco,,
Anibal Pinto 1550,Concepción,8.0
Baldomero Lara 250,Talcahuano,8.0
Juan Antonio Ríos 600,,
Argentina 250,Talcahuano,8.0
Cam. Viejo a Huachipato 315,,
CAMINO NEVADOS DE CHILLAN 85,,
Schleyer 150 A,,
San Carlos 715,,
Jaime Repullo 1133,,
Bulnes 1131,,
Gricelda 745 Santa Leonor,,
Colón 964,,
Manuel Barros Borgoño,Talcahuano,8.0
Av. Los Leones 957,Providencia,13.0
Av. Paul Harris 1118,,
Los Carrera 511,,
Rio Pilmaiquen 5322 DenaviSur,,
Camino Nahueltoro km 3,,
Quillanco,,
Las Heras 84,Concepción,8.0
Manuel Zañartu 158,,
C. Dos 1795,Concepción,8.0
Río Viejo 1110,,
Barbosa 547 Chillan,,
Ohiggins 1186 1202,,6.0
San Pedro de la Paz,San Pedro de la Paz,8.0
Rinconada de Cato,,
Ruta 5 km 368,,
La Montaña 1393,,13.0
Chillán,,
Almendral 8823,,13.0
CAMILO MORI 988,,
Av. Golfo De Arauco 3655,Coronel,8.0
Taihuen 1203 nueva los lobos,,
Pemuco 9239,Hualpén,8.0
Autopista 8342,,
Av. Golfo De Arauco 3652,Coronel,8.0
Los Espinos 49,,
VARIANTE NAHUELTORO KM 22 5,,
Patria Vieja 204 Lan C,,
Calle acceso Cosmito 13 Lote 1,,
Schonta 297 Vegas de Perales,,
Bulnes 136 205,,
Parcela 5 Ninquihue  sn,,
ANGAMOS 0204,,
Argentina 155-205,Talcahuano,8.0
Av. Gral. Oscar Bonilla 2338,Concepción,8.0
Tucapel 1901,Concepción,8.0
Parque Lantano N 100,,
Los naranjos LTE 9,,
Avenida Reino de Chile 231-197,,
Cochrane 1261,,
Rengo 1519,Concepción,8.0
Quellun 1623,,
Coelemu,,
Los Castanos Hijuela 1 ruta 64200,,
Avenida Rio Viejo 367,,
Jaime Repullo 574,,
Quirihue,,
calle interior 4744 alto costanera hualpen,,
Poblacion Victoria 21,,
Los cardenales 517. PUEBLO seco,,
Herasmo escala 747,,
Enrique Soro 2152,,
Francia 140 Pob Gaete,,
Gran Bretana 4889,,
KM 4 Camino a Huape SN,,
Párroco Damián Acuña 1331,,13.0
General Cruz 257,,
Schuyler 120,,
Padre Evelin 3189 vega de perales,,
Comino parque lantaño número 3,,
Sta. Blanca 51,,
Calle larga 1031 santa clara,,
Manuel Montt 42 Santa Clara,,
Los Colihues,,
Alto Horno 593,Talcahuano,8.0
Madrid 3394,Hualpén,8.0
Janequeo 2331,Concepción,8.0
Colón 2896,,
Los Portones 1133 Valle Quilamapu,,
Autopista 6930,,
Vicuna Mackenna 860,,
Uno Sur 845,,
Juan Macaya 11,,
Villa Alegre 917,,
Talcahuano,Talcahuano,8.0
Trinitarias 160,,
4180040 Hualqui,,8.0
Camilo Henriquez 3011,,
Av. Ejército Libertador 353,Santiago,13.0
kilometro 1 camino quillon sector la piscina bulnes,,
Arteaga Alemparte 6115,Talcahuano,8.0
San Martín 272,,
Dr. Manuel Barros Borgoño 71,Providencia,13.0
Schuyler 530,Talcahuano,8.0
Eleuterio Ramirez 142,,
Av Federico Shwager 959,,
Camino Santa Barbara KM 10,,
Prof. Carlos Porter 8,Santiago,13.0
Juan Martínez de Rozas 781,Concepción,8.0
Pasaje 6 2603 La Floresta,,
Angol 528,Concepción,8.0
Felix Eicher 833,,
El Carmen,,13.0
Manuel Montt 253,Talcahuano,8.0
Villa la rosa km20 coihueco,,
Bellavista 1196,Concepción,8.0
Esperanza 507,,
Andalien 285,,
Parcela 5 Lote A 1 Cosmito SN,,
C. J,,
Cochrane 1140,Concepción,8.0
Calle Santiago 181 Santa Leonor,Santiago,13.0
Los Changos 542 Cerro la Gloria,,
calle liguria 115-B,,
Ejército 435,Concepción,8.0
Andrés Bello,,
Lo Errazuriz 4041,,13.0
Ambrosio OHiggins 1810 San Pedro de la Paz,San Pedro de la Paz,6.0
EL TOO SUR 420 SARITA GAJARDO,,
Barrio Universitario S/N,,
Vicente Palacios 2997,,
Calle Los Cipreces 162 Lirquen,,
Carretera panamericana norte Km 376,,
Panamá 615,,
Irlanda 3693 Armando Alarcon del canto,,13.0
Errázuriz 3115,Talcahuano,8.0
Pasaje 1 4564 San Marcos,,
Prueba,,
Balmaceda 486 Sector Arenal,,
Los industriales 964,,
Carr. Panamericana Sur 80,,
Cam. a Penco 4866,Concepción,8.0
El Solar 162,,
San Martín 553,Concepción,8.0
Martínez de Rozas 435,Talcahuano,8.0
Chorrillos 489,,
José Manuel Balmaceda Fernández 203,,
San Nicolás,,8.0
Parcela 9 Laurel de Oro Lote 23,,
Lientur 627,Concepción,8.0
Psje. 4 casa 623 Chiguayante Sur,Chiguayante,
Rio Pilmaiquen 5341,,
Sta. Sabina 1493,Concepción,8.0
Bremen 1261 Crispulo Gandara,,
4130247 San Pedro de la Paz,San Pedro de la Paz,8.0
Almte. Latorre 1590,,
Errázuriz 436,,6.0
Mata 1030 Sn Carlos,,
El Carmen,,13.0
Maule CL,,
Benavente 254,Talcahuano,8.0
Av El Abra km 2,,
Kent 146 Cerro Verde Alto,,
Jaime Repullo 2047,,
Obispo Hipólito Salas 1541,Concepción,8.0
Lago Llanquihue 334 V San Eugenio,,
Jaime Repullo 1284,,
Rengo 68,,
Camilo Henríquez 2345,Concepción,8.0
Playa El Galgo 1252,Talcahuano,8.0
Los Geranios,,
Jaime Repullo 828,,
Rio Mataquito 168 Denavisur,,
Luis Uribe 3659,,
Los Pinos,,
Tucapel 1531,Concepción,8.0
Padre Alonso de Ovalle 302,Concepción,8.0
Paso ancho sector norte SN,,
Bremen 1261 Crispulo Gandara,,
Puerto Varas 386,,
Arica 2470,,
Parcela Santa Ana Lote 5 Ninquihue,,
Cardenio Avello 36,,
Ignacio Serrano 994,Tome,8.0
Esmeralda 1024,,
Diego Portales 872,Concepción,8.0
Chacabuco 470,Talcahuano,8.0
Independencia 113,,
Concepción,Concepción,8.0
José Mercedes Chandía 140,Talcahuano,8.0
Jose Miguel Carrera 706,,
Jaime Repullo 168,Talcahuano,8.0
LTC PC B Ohiggins LT3 SN Ruta 5 Sur Km 410,,6.0
Arteaga Alemparte 245,Talcahuano,8.0
Gobernador Juan Enriquez 1123 Lomas,,
Las Heras 26,,
Vallenar 349,Talcahuano,8.0
Tucapel 2234,Concepción,8.0
Serrano 653,,
Camino viejo km2 Casablanca,,5.0
Victoria 9,Penco,8.0
El Retamo 4417,Talcahuano,8.0
Avda Coliumo 2084 Coliumo,,
La Vega 570,Talcahuano,8.0
Ignacio Verdugo 177,Concepción,8.0
Barros aranas 1068 of. 1802,,
Fundo Miramar s/n Km5 Ruta P-22 Arauco,,
Arlegui 547,,5.0
Maipú 941,Maipú,8.0
Longitudinal Sur KM 500,,
sector liucura alto s n,,
Avenida Ernesto Pinto Lagarrigue N°805,San Pedro de la Paz,8.0
Calle D Sitio 22 Parque Industrial,,
Bellavista 1427,Concepción,8.0
Las Rosas 135,Talcahuano,8.0
N 561 Vinas Nuble 238,,
Talcahuano,Talcahuano,8.0
Brasil 117,Talcahuano,8.0
benavente 511 oficina 204,,
Huambalí 138,,
Edelmira 255 Poblacion Gaete,,
Av. Pedro de Valdivia 880,Concepción,8.0
Anibal Pinto 1827,Concepción,8.0
Parcela 11 Valle Cruz del Sur,,
Avda gran Bretana 4733,,
Bilbao 798,,
Villa los aromos segundo Martínez 1162,,
Av Michaihue 808,San Pedro de la Paz,8.0
Av Ohiggins Pan Norte 591,,6.0
Baquedano 113,Concepción,8.0
Higueras,,
Carlos Palacios 301,,
Bartolo Meza Nunez 4107,,
Tres Esquinas,,
Maipú 311,Maipú,13.0
Av. Pedro Aguirre Cerda 509,,
Venecia 300,,
Unnamed Road,,
Los Inmingrantes,Concepción,8.0
7W74+5C,,
Pichidegua 590 Monte Redondo,,
Sepúlveda Bustos 11,,
Cap Raimundo Morris 1039,Chiguayante,8.0
Cruz 599,,
avenida michaihue 471 san pedro de la paz,San Pedro de la Paz,
Los Carreras 200,,
Ohiggins 1873,,6.0
Pje. San Lucas 115,,
Variante Cato KM 2,,
Argentina,,
Las Lilas 6771,San Pedro de la Paz,
Ruta N-55 Km 80,,
Avenida Gran Bretana 1200,,
Huanquinirre 1325 Nueva Los Lobos,,
Manuel Rodriguez 734,,
Beaucheff 178,,
Punta Carampange lt 1 cst 7 y 8,,
Coihueco,,
Angol 313,,
Arteaga Alemparte 8851,,
Arturo Prat 278,,8.0
Calle Interior Sitio 17 Poblacion Santa Luisa,,
Candelaria,,
Diag. Pedro Aguirre Cerda 1454,Concepción,8.0
SECTOR EL TORREON  PARCE 24,,
Otra 539 chillan,,
Blanco Encalada 701,Talcahuano,8.0
Pinto Km 30 el Rosal s/n,,
